CNTAAPMWLNGTHPSSDEGIVSR 1,Carbamidomethyl(+57.0215);	Hex(4)HexNAc(3)	P07911@232;
CNTAAPMWLNGTHPSSDEGIVSR 1,Carbamidomethyl(+57.0215);	Hex(4)HexNAc(3)	P07911@232;
CNTAAPMWLNGTHPSSDEGIVSR 1,Carbamidomethyl(+57.0215);	Hex(4)HexNAc(3)	P07911@232;	+3
Theo	 Int 	49.81	94.23	100.00	76.66	46.93	24.19	8.14	
Scan	 RT 	1253.20	1253.53	1253.87	1254.20	1254.54	1254.87	1255.20	SumIntensity
14193	37.74	0.000E0	2.078E5	1.935E5	1.337E5	7.675E4	0.000E0	0.000E0	6.117E5	
14216	37.79	1.626E5	5.081E5	2.896E5	3.163E5	1.872E5	2.175E5	0.000E0	1.681E6	
14239	37.84	1.790E5	4.322E5	3.303E5	1.795E5	2.856E5	0.000E0	0.000E0	1.407E6	
14262	37.89	0.000E0	0.000E0	1.853E5	2.637E5	3.069E5	0.000E0	0.000E0	7.559E5	
14285	37.94	0.000E0	1.197E5	0.000E0	7.747E4	1.601E5	0.000E0	0.000E0	3.573E5	
14307	37.99	0.000E0	9.726E4	6.911E4	7.182E4	1.058E5	0.000E0	0.000E0	3.440E5	
14330	38.04	0.000E0	1.072E5	9.608E4	5.421E4	0.000E0	0.000E0	0.000E0	2.575E5	
14353	38.09	0.000E0	9.264E4	0.000E0	0.000E0	4.375E5	0.000E0	0.000E0	5.301E5	
14376	38.14	0.000E0	0.000E0	0.000E0	0.000E0	1.215E6	0.000E0	0.000E0	1.215E6	
14399	38.19	2.445E5	0.000E0	0.000E0	1.811E5	8.291E5	0.000E0	0.000E0	1.255E6	
14422	38.24	1.076E5	0.000E0	1.131E5	1.305E5	7.261E5	0.000E0	0.000E0	1.077E6	
14445	38.29	0.000E0	7.860E4	1.426E5	8.067E4	2.941E5	0.000E0	0.000E0	5.960E5	
14466	38.34	0.000E0	0.000E0	0.000E0	7.769E4	2.068E5	0.000E0	0.000E0	2.845E5	
14486	38.38	0.000E0	0.000E0	0.000E0	6.646E4	1.590E5	0.000E0	0.000E0	2.255E5	
Merge	Area	6.937E5	1.643E6	1.420E6	1.633E6	4.990E6	2.175E5	0.000E0	5.081E5	

CNTAAPMWLNGTHPSSDEGIVSR 1,Carbamidomethyl(+57.0215);	Hex(3)HexNAc(4)	P07911@232;
CNTAAPMWLNGTHPSSDEGIVSR 1,Carbamidomethyl(+57.0215);	Hex(3)HexNAc(4)	P07911@232;
CNTAAPMWLNGTHPSSDEGIVSR 1,Carbamidomethyl(+57.0215);	Hex(3)HexNAc(4)	P07911@232;	+3
Theo	 Int 	48.67	93.34	100.00	77.23	47.58	24.66	8.29	
Scan	 RT 	1266.87	1267.21	1267.54	1267.88	1268.21	1268.55	1268.88	SumIntensity
14216	37.79	1.253E5	2.395E5	0.000E0	1.121E5	0.000E0	1.270E5	0.000E0	6.038E5	
14239	37.84	3.702E5	4.321E5	3.091E5	3.656E5	1.146E5	1.412E5	0.000E0	1.733E6	
14262	37.89	0.000E0	3.204E5	4.270E5	2.720E5	0.000E0	0.000E0	0.000E0	1.019E6	
14285	37.94	1.059E5	1.956E5	1.317E5	1.823E5	0.000E0	0.000E0	0.000E0	6.155E5	
14307	37.99	0.000E0	6.940E4	0.000E0	0.000E0	0.000E0	0.000E0	0.000E0	6.940E4	
Merge	Area	6.014E5	1.257E6	8.677E5	9.320E5	1.146E5	2.682E5	0.000E0	1.857E5	

CNTAAPMWLNGTHPSSDEGIVSR 1,Carbamidomethyl(+57.0215);	Hex(4)HexNAc(3)NeuAc(1)	P07911@232;
CNTAAPMWLNGTHPSSDEGIVSR 1,Carbamidomethyl(+57.0215);	Hex(4)HexNAc(3)NeuAc(1)	P07911@232;
CNTAAPMWLNGTHPSSDEGIVSR 1,Carbamidomethyl(+57.0215);	Hex(4)HexNAc(3)NeuAc(1)	P07911@232;	+3
Theo	 Int 	43.12	87.99	100.00	81.42	52.70	28.62	9.51	
Scan	 RT 	1350.23	1350.57	1350.90	1351.23	1351.57	1351.90	1352.24	SumIntensity
14989	39.49	0.000E0	0.000E0	0.000E0	5.261E5	0.000E0	0.000E0	0.000E0	5.261E5	
15012	39.54	0.000E0	5.949E5	0.000E0	6.878E5	6.762E5	0.000E0	0.000E0	1.959E6	
15035	39.59	2.281E5	5.010E5	4.044E5	2.250E5	2.691E5	1.404E5	0.000E0	1.768E6	
15058	39.64	2.181E5	7.439E5	7.845E5	4.633E5	5.300E5	2.645E5	0.000E0	3.004E6	
15081	39.69	5.039E5	1.548E6	1.588E6	1.068E6	9.002E5	3.672E5	1.870E5	6.163E6	
15101	39.73	9.073E5	1.259E6	1.569E6	1.225E6	9.966E5	4.702E5	2.180E5	6.646E6	
15124	39.78	5.071E5	1.363E6	9.192E5	7.881E5	6.771E5	4.071E5	2.037E5	4.866E6	
15147	39.83	1.644E5	7.999E5	6.178E5	6.747E5	4.056E5	1.799E5	0.000E0	2.842E6	
15167	39.87	2.469E5	5.635E5	2.763E5	2.578E5	2.803E5	1.743E5	0.000E0	1.799E6	
15190	39.92	1.117E5	3.751E5	4.421E5	0.000E0	2.080E5	1.570E5	0.000E0	1.294E6	
Merge	Area	2.887E6	7.749E6	6.601E6	5.916E6	4.943E6	2.161E6	6.087E5	1.445E6	
CNTAAPMWLNGTHPSSDEGIVSR 1,Carbamidomethyl(+57.0215);	Hex(4)HexNAc(3)NeuAc(1)	P07911@232;	+3
Theo	 Int 	43.12	87.99	100.00	81.42	52.70	28.62	9.51	
Scan	 RT 	1350.23	1350.57	1350.90	1351.23	1351.57	1351.90	1352.24	SumIntensity
15323	40.22	0.000E0	2.004E5	0.000E0	0.000E0	0.000E0	0.000E0	0.000E0	2.004E5	
15338	40.26	0.000E0	3.668E5	0.000E0	2.901E5	2.527E5	0.000E0	0.000E0	9.097E5	
15360	40.31	0.000E0	4.941E5	2.848E5	2.568E5	2.730E5	1.656E5	0.000E0	1.474E6	
15380	40.35	3.555E5	6.869E5	6.414E5	5.924E5	3.107E5	1.582E5	0.000E0	2.745E6	
15400	40.39	0.000E0	7.231E5	5.025E5	3.722E5	0.000E0	0.000E0	0.000E0	1.598E6	
15420	40.44	0.000E0	4.273E5	2.285E5	5.306E5	2.965E5	0.000E0	0.000E0	1.483E6	
15443	40.49	2.714E5	1.966E5	4.623E5	3.729E5	1.969E5	0.000E0	0.000E0	1.500E6	
15457	40.52	0.000E0	2.859E5	2.214E5	0.000E0	1.464E5	0.000E0	0.000E0	6.536E5	
15472	40.56	1.133E5	3.545E5	2.688E5	2.068E5	1.794E5	0.000E0	0.000E0	1.123E6	
15494	40.60	0.000E0	1.819E5	1.029E5	2.957E5	2.331E5	0.000E0	0.000E0	8.136E5	
15516	40.65	2.255E5	1.080E5	0.000E0	1.895E5	2.027E5	0.000E0	0.000E0	7.258E5	
15538	40.70	8.365E4	2.098E5	9.814E4	1.475E5	1.498E5	0.000E0	0.000E0	6.890E5	
15560	40.75	0.000E0	1.990E5	1.145E5	0.000E0	1.406E5	0.000E0	0.000E0	4.540E5	
15583	40.80	0.000E0	2.516E5	0.000E0	8.067E4	2.458E5	0.000E0	0.000E0	5.781E5	
15606	40.85	0.000E0	1.757E5	0.000E0	0.000E0	1.287E5	0.000E0	0.000E0	3.044E5	
Merge	Area	1.049E6	4.862E6	2.925E6	3.335E6	2.756E6	3.238E5	0.000E0	6.713E5	

CNTAAPMWLNGTHPSSDEGIVSR 1,Carbamidomethyl(+57.0215);	Hex(5)HexNAc(4)NeuAc(1)	P07911@232;
CNTAAPMWLNGTHPSSDEGIVSR 1,Carbamidomethyl(+57.0215);	Hex(5)HexNAc(4)NeuAc(1)	P07911@232;
CNTAAPMWLNGTHPSSDEGIVSR 1,Carbamidomethyl(+57.0215);	Hex(5)HexNAc(4)NeuAc(1)	P07911@232;	+3
Theo	 Int 	37.20	82.01	100.00	87.52	60.81	35.44	17.91	
Scan	 RT 	1471.94	1472.28	1472.61	1472.94	1473.28	1473.61	1473.95	SumIntensity
14109	37.56	0.000E0	0.000E0	2.612E5	2.507E5	0.000E0	0.000E0	0.000E0	5.120E5	
14132	37.61	0.000E0	1.181E5	0.000E0	0.000E0	0.000E0	0.000E0	0.000E0	1.181E5	
14175	37.70	0.000E0	1.643E5	1.165E5	6.715E4	7.277E4	0.000E0	0.000E0	4.207E5	
14193	37.74	2.450E5	7.362E5	8.312E5	7.700E5	4.281E5	2.170E5	1.634E5	3.391E6	
14216	37.79	1.029E6	2.159E6	2.513E6	2.189E6	1.654E6	1.090E6	5.578E5	1.119E7	
14239	37.84	4.183E5	9.242E5	1.381E6	7.779E5	3.980E5	4.569E5	0.000E0	4.356E6	
14262	37.89	0.000E0	4.579E5	7.079E5	4.780E5	0.000E0	4.162E5	0.000E0	2.060E6	
Merge	Area	1.692E6	4.560E6	5.810E6	4.533E6	2.553E6	2.180E6	7.212E5	1.039E6	

CNTAAPMWLNGTHPSSDEGIVSR 1,Carbamidomethyl(+57.0215);	Hex(4)HexNAc(5)NeuAc(1)	P07911@232;
CNTAAPMWLNGTHPSSDEGIVSR 1,Carbamidomethyl(+57.0215);	Hex(4)HexNAc(5)NeuAc(1)	P07911@232;
CNTAAPMWLNGTHPSSDEGIVSR 1,Carbamidomethyl(+57.0215);	Hex(4)HexNAc(5)NeuAc(1)	P07911@232;	+4
Theo	 Int 	36.43	81.28	100.00	88.18	61.66	36.13	18.35	
Scan	 RT 	1114.46	1114.72	1114.97	1115.22	1115.47	1115.72	1115.97	SumIntensity
14152	37.65	0.000E0	0.000E0	7.529E4	0.000E0	0.000E0	0.000E0	0.000E0	7.529E4	
14175	37.70	1.273E5	0.000E0	0.000E0	1.159E5	0.000E0	0.000E0	0.000E0	2.432E5	
14193	37.74	0.000E0	2.290E5	2.381E5	2.599E5	1.858E5	0.000E0	5.693E4	9.697E5	
14216	37.79	7.297E5	1.490E6	2.253E6	1.665E6	1.228E6	9.728E5	2.791E5	8.618E6	
14239	37.84	1.842E6	4.327E6	4.575E6	5.002E6	2.751E6	1.219E6	9.742E5	2.069E7	
14262	37.89	4.263E5	1.829E6	2.631E6	1.850E6	1.157E6	5.284E5	2.730E5	8.694E6	
14285	37.94	3.111E5	7.110E5	8.564E5	8.884E5	5.777E5	2.397E5	8.828E4	3.673E6	
14307	37.99	1.010E5	5.658E5	5.609E5	2.388E5	2.360E5	1.877E5	0.000E0	1.890E6	
14330	38.04	6.139E4	1.536E5	1.048E5	1.036E5	1.393E5	5.021E4	0.000E0	6.129E5	
14353	38.09	0.000E0	2.270E5	2.834E5	1.290E5	1.482E5	7.094E4	0.000E0	8.585E5	
14376	38.14	1.686E5	3.390E5	3.426E5	2.475E5	0.000E0	1.983E5	0.000E0	1.296E6	
14399	38.19	1.145E5	2.858E5	3.286E5	3.447E5	2.367E5	0.000E0	0.000E0	1.310E6	
14422	38.24	0.000E0	0.000E0	0.000E0	9.977E4	0.000E0	0.000E0	0.000E0	9.977E4	
14445	38.29	0.000E0	0.000E0	7.718E4	0.000E0	0.000E0	0.000E0	0.000E0	7.718E4	
14466	38.34	0.000E0	0.000E0	7.408E4	6.249E4	0.000E0	0.000E0	0.000E0	1.366E5	
14486	38.38	0.000E0	5.845E4	0.000E0	1.214E5	0.000E0	0.000E0	0.000E0	1.798E5	
14509	38.43	0.000E0	1.238E5	1.144E5	7.466E4	6.188E4	0.000E0	0.000E0	3.747E5	
Merge	Area	3.882E6	1.034E7	1.251E7	1.120E7	6.722E6	3.467E6	1.671E6	2.482E6	

CNTAAPMWLNGTHPSSDEGIVSR 1,Carbamidomethyl(+57.0215);	Hex(3)HexNAc(6)NeuAc(1)	P07911@232;
CNTAAPMWLNGTHPSSDEGIVSR 1,Carbamidomethyl(+57.0215);	Hex(3)HexNAc(6)NeuAc(1)	P07911@232;
CNTAAPMWLNGTHPSSDEGIVSR 1,Carbamidomethyl(+57.0215);	Hex(3)HexNAc(6)NeuAc(1)	P07911@232;	+4
Theo	 Int 	35.69	80.56	100.00	88.82	62.49	36.81	18.78	
Scan	 RT 	1124.72	1124.97	1125.22	1125.47	1125.72	1125.97	1126.23	SumIntensity
14216	37.79	0.000E0	0.000E0	0.000E0	1.939E5	0.000E0	0.000E0	0.000E0	1.939E5	
14239	37.84	1.672E5	7.505E5	5.087E5	7.116E5	6.673E5	2.007E5	0.000E0	3.006E6	
14262	37.89	7.931E5	2.040E6	2.666E6	2.871E6	1.643E6	8.065E5	4.328E5	1.125E7	
14285	37.94	1.436E5	3.639E5	4.868E5	4.415E5	4.153E5	2.705E5	0.000E0	2.122E6	
14307	37.99	0.000E0	0.000E0	0.000E0	1.139E5	1.274E5	7.504E4	0.000E0	3.163E5	
Merge	Area	1.104E6	3.155E6	3.662E6	4.332E6	2.853E6	1.353E6	4.328E5	8.337E5	

CNTAAPMWLNGTHPSSDEGIVSR 1,Carbamidomethyl(+57.0215);	Hex(5)HexNAc(4)NeuAc(2)	P07911@232;
CNTAAPMWLNGTHPSSDEGIVSR 1,Carbamidomethyl(+57.0215);	Hex(5)HexNAc(4)NeuAc(2)	P07911@232;
CNTAAPMWLNGTHPSSDEGIVSR 1,Carbamidomethyl(+57.0215);	Hex(5)HexNAc(4)NeuAc(2)	P07911@232;	+3
Theo	 Int 	33.49	78.19	100.00	91.33	65.97	39.86	20.85	
Scan	 RT 	1568.97	1569.31	1569.64	1569.98	1570.31	1570.64	1570.98	SumIntensity
14943	39.38	0.000E0	0.000E0	0.000E0	1.367E5	9.869E4	1.457E5	0.000E0	3.811E5	
14966	39.44	0.000E0	2.934E5	5.661E5	3.744E5	3.346E5	1.836E5	0.000E0	1.752E6	
14989	39.49	5.124E5	1.465E6	1.525E6	9.535E5	1.286E6	0.000E0	0.000E0	5.741E6	
15012	39.54	6.530E5	1.882E6	1.131E6	1.244E6	9.464E5	5.851E5	0.000E0	6.442E6	
15035	39.59	4.262E5	1.156E6	1.318E6	1.232E6	1.117E6	7.008E5	2.798E5	6.229E6	
15058	39.64	2.190E6	3.302E6	3.948E6	4.708E6	3.126E6	1.795E6	8.823E5	1.995E7	
15081	39.69	2.255E6	5.067E6	6.013E6	5.788E6	3.273E6	2.143E6	1.250E6	2.579E7	
15101	39.73	1.285E6	4.182E6	4.749E6	3.564E6	2.553E6	1.494E6	7.033E5	1.853E7	
15124	39.78	9.523E5	2.069E6	3.125E6	2.625E6	1.837E6	1.146E6	5.180E5	1.227E7	
15147	39.83	6.798E5	1.973E6	2.212E6	2.049E6	1.115E6	8.811E5	3.903E5	9.300E6	
15167	39.87	4.589E5	9.272E5	1.088E6	1.231E6	7.380E5	5.224E5	1.768E5	5.143E6	
Merge	Area	9.413E6	2.232E7	2.567E7	2.391E7	1.642E7	9.597E6	4.200E6	5.259E6	
CNTAAPMWLNGTHPSSDEGIVSR 1,Carbamidomethyl(+57.0215);	Hex(5)HexNAc(4)NeuAc(2)	P07911@232;	+3
Theo	 Int 	33.49	78.19	100.00	91.33	65.97	39.86	20.85	
Scan	 RT 	1568.97	1569.31	1569.64	1569.98	1570.31	1570.64	1570.98	SumIntensity
15516	40.65	0.000E0	0.000E0	1.166E5	0.000E0	0.000E0	0.000E0	0.000E0	1.166E5	
15538	40.70	0.000E0	0.000E0	1.519E5	0.000E0	0.000E0	1.759E5	0.000E0	3.277E5	
15560	40.75	0.000E0	0.000E0	0.000E0	1.020E5	0.000E0	0.000E0	0.000E0	1.020E5	
15583	40.80	0.000E0	0.000E0	8.428E4	2.025E5	8.796E4	0.000E0	0.000E0	3.747E5	
15606	40.85	0.000E0	0.000E0	0.000E0	1.607E5	9.422E4	0.000E0	0.000E0	2.549E5	
15629	40.90	0.000E0	1.686E5	2.028E5	1.216E5	1.378E5	1.001E5	0.000E0	7.309E5	
15652	40.95	0.000E0	2.823E5	2.202E5	2.699E5	1.605E5	1.786E5	1.172E5	1.229E6	
15675	41.00	1.107E5	2.345E5	4.206E5	2.929E5	2.761E5	1.750E5	9.808E4	1.608E6	
15698	41.06	2.487E5	3.604E5	6.500E5	6.618E5	3.311E5	2.834E5	9.203E4	2.627E6	
15721	41.11	1.785E5	6.563E5	1.085E6	6.719E5	7.502E5	1.420E5	1.941E5	3.678E6	
15745	41.16	4.277E5	9.659E5	1.587E6	1.325E6	7.395E5	4.264E5	1.730E5	5.644E6	
15768	41.21	4.445E5	9.567E5	1.185E6	1.122E6	8.377E5	4.467E5	2.501E5	5.242E6	
15791	41.26	4.240E5	9.728E5	1.235E6	1.036E6	1.022E6	4.024E5	3.370E5	5.429E6	
15814	41.31	4.642E5	7.566E5	1.136E6	8.108E5	4.387E5	2.529E5	2.303E5	4.090E6	
15837	41.36	3.226E5	6.304E5	9.143E5	5.768E5	4.281E5	4.334E5	2.050E5	3.511E6	
15860	41.41	2.620E5	3.045E5	7.313E5	5.856E5	5.573E5	2.889E5	1.425E5	2.872E6	
15883	41.46	1.178E5	3.915E5	3.892E5	2.607E5	2.380E5	2.937E5	0.000E0	1.691E6	
15906	41.51	0.000E0	2.018E5	6.910E4	3.177E5	7.532E4	1.880E5	1.166E5	9.685E5	
15925	41.55	8.944E4	0.000E0	2.669E5	0.000E0	2.203E5	1.205E5	0.000E0	6.972E5	
15948	41.60	0.000E0	1.389E5	3.177E5	2.897E5	1.824E5	1.165E5	0.000E0	1.045E6	
15971	41.65	0.000E0	1.164E5	2.673E5	1.912E5	1.216E5	0.000E0	0.000E0	6.964E5	
15994	41.70	1.139E5	2.120E5	2.012E5	1.639E5	2.592E5	1.609E5	0.000E0	1.111E6	
16017	41.75	0.000E0	1.806E5	2.917E5	4.472E5	1.645E5	1.477E5	0.000E0	1.232E6	
16040	41.80	1.123E5	4.226E5	4.352E5	3.511E5	2.383E5	2.391E5	0.000E0	1.799E6	
16063	41.85	2.070E5	1.938E5	5.050E5	5.910E5	4.391E5	3.657E5	0.000E0	2.302E6	
16086	41.90	2.198E5	4.670E5	6.001E5	5.108E5	4.685E5	3.735E5	0.000E0	2.640E6	
16109	41.95	1.428E5	3.829E5	6.026E5	6.608E5	4.562E5	2.447E5	0.000E0	2.490E6	
16132	42.00	2.663E5	4.133E5	6.399E5	5.012E5	2.910E5	2.609E5	0.000E0	2.373E6	
16155	42.05	8.260E4	3.805E5	5.580E5	5.528E5	3.485E5	2.554E5	1.655E5	2.343E6	
16178	42.10	1.583E5	2.543E5	6.154E5	8.789E4	3.844E5	1.922E5	0.000E0	1.693E6	
16201	42.15	1.318E5	3.301E5	3.631E5	1.628E5	0.000E0	1.621E5	0.000E0	1.150E6	
16224	42.20	1.746E5	1.408E5	4.615E5	1.856E5	0.000E0	1.869E5	0.000E0	1.149E6	
16247	42.26	0.000E0	2.550E5	2.690E5	1.298E5	0.000E0	1.757E5	8.208E4	9.116E5	
Merge	Area	4.700E6	1.077E7	1.657E7	1.334E7	9.749E6	6.789E6	2.203E6	3.193E6	
CNTAAPMWLNGTHPSSDEGIVSR 1,Carbamidomethyl(+57.0215);	Hex(5)HexNAc(4)NeuAc(2)	P07911@232;	+4
Theo	 Int 	33.49	78.19	100.00	91.33	65.97	39.86	20.85	
Scan	 RT 	1176.98	1177.23	1177.48	1177.73	1177.98	1178.24	1178.49	SumIntensity
14943	39.38	0.000E0	0.000E0	4.779E4	0.000E0	1.498E5	0.000E0	9.064E4	2.883E5	
14966	39.44	0.000E0	8.687E5	7.100E5	9.217E5	5.579E5	4.484E5	1.308E5	3.638E6	
14989	39.49	0.000E0	2.332E6	1.879E6	3.118E6	2.631E6	7.591E5	4.856E5	1.120E7	
15012	39.54	8.358E5	3.387E6	3.469E6	2.425E6	1.639E6	1.353E6	2.469E5	1.336E7	
15035	39.59	7.921E5	1.947E6	2.227E6	2.221E6	1.743E6	7.370E5	5.304E5	1.020E7	
15058	39.64	2.515E6	5.577E6	7.408E6	6.759E6	4.976E6	2.615E6	1.628E6	3.148E7	
15081	39.69	3.623E6	8.388E6	1.018E7	9.961E6	5.721E6	3.777E6	1.888E6	4.354E7	
15101	39.73	2.645E6	6.486E6	8.813E6	6.761E6	5.235E6	3.354E6	1.415E6	3.471E7	
15124	39.78	1.442E6	3.586E6	4.797E6	3.816E6	2.916E6	1.123E6	6.620E5	1.834E7	
15147	39.83	9.496E5	2.640E6	3.300E6	3.098E6	2.270E6	1.444E6	6.451E5	1.435E7	
15167	39.87	6.649E5	1.402E6	2.055E6	2.023E6	1.001E6	4.809E5	0.000E0	7.627E6	
15190	39.92	0.000E0	6.036E5	7.420E5	7.402E5	5.572E5	2.640E5	2.765E5	3.183E6	
Merge	Area	1.347E7	3.722E7	4.563E7	4.184E7	2.940E7	1.636E7	7.999E6	9.203E6	

CNTAAPMWLNGTHPSSDEGIVSR 1,Carbamidomethyl(+57.0215);	Hex(4)HexNAc(5)NeuAc(2)	P07911@232;
CNTAAPMWLNGTHPSSDEGIVSR 1,Carbamidomethyl(+57.0215);	Hex(4)HexNAc(5)NeuAc(2)	P07911@232;
CNTAAPMWLNGTHPSSDEGIVSR 1,Carbamidomethyl(+57.0215);	Hex(4)HexNAc(5)NeuAc(2)	P07911@232;	+3
Theo	 Int 	32.72	77.26	100.00	92.35	67.35	41.05	21.63	
Scan	 RT 	1582.65	1582.98	1583.32	1583.65	1583.99	1584.32	1584.65	SumIntensity
14966	39.44	0.000E0	0.000E0	1.490E5	0.000E0	0.000E0	0.000E0	0.000E0	1.490E5	
14989	39.49	0.000E0	8.200E5	5.020E5	4.228E5	5.251E5	0.000E0	3.658E5	2.636E6	
15012	39.54	5.102E5	1.191E6	1.551E6	1.595E6	8.093E5	4.871E5	3.416E5	6.485E6	
15035	39.59	4.494E5	1.007E6	1.120E6	1.246E6	8.262E5	6.122E5	3.951E5	5.656E6	
15058	39.64	2.864E5	1.150E6	1.436E6	1.227E6	8.952E5	3.333E5	0.000E0	5.328E6	
15081	39.69	1.219E6	2.820E6	4.121E6	3.382E6	2.392E6	1.774E6	9.797E5	1.669E7	
15101	39.73	2.208E6	4.952E6	5.309E6	4.994E6	3.717E6	2.582E6	1.443E6	2.520E7	
15124	39.78	1.844E6	4.146E6	5.000E6	4.518E6	2.938E6	1.643E6	1.042E6	2.113E7	
15147	39.83	5.878E5	1.363E6	1.787E6	1.640E6	1.040E6	8.349E5	5.164E5	7.770E6	
15167	39.87	1.148E5	5.818E5	6.183E5	7.449E5	4.437E5	2.985E5	1.852E5	2.987E6	
Merge	Area	7.219E6	1.803E7	2.159E7	1.977E7	1.359E7	8.565E6	5.268E6	4.463E6	
CNTAAPMWLNGTHPSSDEGIVSR 1,Carbamidomethyl(+57.0215);	Hex(4)HexNAc(5)NeuAc(2)	P07911@232;	+4
Theo	 Int 	32.72	77.26	100.00	92.35	67.35	41.05	21.63	
Scan	 RT 	1187.24	1187.49	1187.74	1187.99	1188.24	1188.49	1188.74	SumIntensity
15058	39.64	8.061E5	1.449E6	1.596E6	1.745E6	1.750E6	8.941E5	3.739E5	8.615E6	
15081	39.69	2.444E6	5.619E6	6.809E6	6.080E6	4.700E6	2.514E6	9.634E5	2.913E7	
15101	39.73	3.806E6	8.609E6	9.757E6	1.041E7	6.519E6	4.246E6	2.310E6	4.565E7	
15124	39.78	2.737E6	6.681E6	8.783E6	7.542E6	4.763E6	2.980E6	1.833E6	3.532E7	
15147	39.83	6.253E5	2.841E6	3.258E6	3.085E6	1.552E6	1.323E6	7.130E5	1.340E7	
15167	39.87	4.956E5	9.102E5	1.350E6	1.170E6	1.017E6	4.974E5	3.683E5	5.808E6	
15190	39.92	2.503E5	4.087E5	7.005E5	6.501E5	3.294E5	1.625E5	7.285E4	2.574E6	
15213	39.97	0.000E0	9.776E4	2.549E5	2.259E5	1.069E5	1.924E5	9.602E4	9.739E5	
Merge	Area	1.116E7	2.661E7	3.251E7	3.090E7	2.074E7	1.281E7	6.730E6	6.551E6	

CNTAAPMWLNGTHPSSDEGIVSR 1,Carbamidomethyl(+57.0215);	Hex(5)HexNAc(5)NeuAc(2)	P07911@232;
CNTAAPMWLNGTHPSSDEGIVSR 1,Carbamidomethyl(+57.0215);	Hex(5)HexNAc(5)NeuAc(2)	P07911@232;
CNTAAPMWLNGTHPSSDEGIVSR 1,Carbamidomethyl(+57.0215);	Hex(5)HexNAc(5)NeuAc(2)	P07911@232;	+4
Theo	 Int 	30.93	75.16	100.00	95.07	71.27	44.59	24.10	
Scan	 RT 	1227.75	1228.00	1228.25	1228.50	1228.75	1229.01	1229.26	SumIntensity
15035	39.59	0.000E0	0.000E0	0.000E0	1.636E5	0.000E0	0.000E0	0.000E0	1.636E5	
15058	39.64	0.000E0	2.447E5	5.775E5	2.362E5	3.811E5	2.335E5	0.000E0	1.673E6	
15081	39.69	2.426E5	9.847E5	1.508E6	1.607E6	1.347E6	8.258E5	3.036E5	6.819E6	
15101	39.73	4.620E5	2.068E6	2.450E6	2.589E6	1.667E6	1.145E6	6.254E5	1.101E7	
15124	39.78	6.435E5	1.235E6	1.479E6	1.956E6	1.639E6	4.988E5	3.832E5	7.835E6	
15147	39.83	3.503E5	5.642E5	1.067E6	8.048E5	5.201E5	2.606E5	2.768E5	3.844E6	
15167	39.87	2.991E5	6.047E5	6.261E5	4.422E5	3.239E5	2.636E5	1.518E5	2.711E6	
15190	39.92	2.800E5	4.989E5	7.420E5	7.398E5	3.944E5	4.362E5	1.629E5	3.254E6	
15213	39.97	1.568E5	4.020E5	6.920E5	4.800E5	3.986E5	2.821E5	0.000E0	2.412E6	
15236	40.02	2.140E5	2.483E5	3.045E5	2.920E5	1.976E5	1.369E5	0.000E0	1.393E6	
Merge	Area	2.648E6	6.851E6	9.447E6	9.310E6	6.869E6	4.082E6	1.904E6	1.946E6	

CNTAAPMWLNGTHPSSDEGIVSR 1,Carbamidomethyl(+57.0215);	Hex(4)HexNAc(6)NeuAc(2)	P07911@232;
CNTAAPMWLNGTHPSSDEGIVSR 1,Carbamidomethyl(+57.0215);	Hex(4)HexNAc(6)NeuAc(2)	P07911@232;
CNTAAPMWLNGTHPSSDEGIVSR 1,Carbamidomethyl(+57.0215);	Hex(4)HexNAc(6)NeuAc(2)	P07911@232;	+4
Theo	 Int 	30.35	74.54	100.00	95.72	72.16	45.37	24.62	
Scan	 RT 	1238.01	1238.26	1238.51	1238.76	1239.01	1239.26	1239.51	SumIntensity
15058	39.64	0.000E0	0.000E0	0.000E0	0.000E0	0.000E0	2.290E5	0.000E0	2.290E5	
15081	39.69	1.011E5	2.253E5	1.835E5	3.725E5	0.000E0	0.000E0	0.000E0	8.824E5	
15101	39.73	1.807E5	4.625E5	6.613E5	8.041E5	6.029E5	2.359E5	2.153E5	3.163E6	
15124	39.78	3.322E5	1.251E6	1.551E6	1.490E6	8.840E5	7.711E5	5.591E5	6.840E6	
15147	39.83	4.010E5	6.696E5	1.172E6	1.384E6	1.003E6	6.201E5	1.876E5	5.437E6	
15167	39.87	3.302E5	5.437E5	3.213E5	6.482E5	5.946E5	1.352E5	1.829E5	2.756E6	
15190	39.92	0.000E0	2.870E5	2.502E5	2.237E5	3.560E5	1.535E5	0.000E0	1.270E6	
15213	39.97	0.000E0	0.000E0	1.119E5	1.730E5	1.419E5	0.000E0	0.000E0	4.268E5	
Merge	Area	1.345E6	3.439E6	4.252E6	5.096E6	3.582E6	2.145E6	1.145E6	1.002E6	

CNTAAPMWLNGTHPSSDEGIVSR 1,Carbamidomethyl(+57.0215);	Hex(6)HexNAc(5)NeuAc(2)	P07911@232;
CNTAAPMWLNGTHPSSDEGIVSR 1,Carbamidomethyl(+57.0215);	Hex(6)HexNAc(5)NeuAc(2)	P07911@232;
CNTAAPMWLNGTHPSSDEGIVSR 1,Carbamidomethyl(+57.0215);	Hex(6)HexNAc(5)NeuAc(2)	P07911@232;	+4
Theo	 Int 	29.36	73.38	100.00	97.18	74.31	47.36	26.05	
Scan	 RT 	1268.27	1268.52	1268.77	1269.02	1269.27	1269.52	1269.77	SumIntensity
14805	39.08	0.000E0	3.121E5	1.718E5	2.924E5	0.000E0	1.997E5	0.000E0	9.761E5	
14828	39.13	2.252E5	7.784E5	1.133E6	9.890E5	9.092E5	5.494E5	3.211E5	4.905E6	
14851	39.18	5.683E5	1.647E6	2.400E6	2.053E6	1.363E6	8.141E5	4.929E5	9.338E6	
14874	39.23	3.651E5	1.448E6	2.234E6	2.171E6	1.479E6	9.654E5	6.707E5	9.333E6	
14897	39.28	5.673E5	1.140E6	1.534E6	1.613E6	1.027E6	7.255E5	4.512E5	7.058E6	
14920	39.33	5.061E5	1.069E6	1.108E6	1.230E6	1.108E6	6.095E5	4.507E5	6.082E6	
14943	39.38	1.296E5	6.150E5	1.040E6	1.052E6	7.418E5	4.893E5	3.639E5	4.432E6	
14966	39.44	1.987E5	3.410E5	2.788E5	5.693E5	3.302E5	3.438E5	2.080E5	2.270E6	
14989	39.49	3.856E5	3.986E5	5.265E5	1.203E6	0.000E0	0.000E0	0.000E0	2.514E6	
15012	39.54	0.000E0	0.000E0	0.000E0	0.000E0	3.213E5	0.000E0	0.000E0	3.213E5	
Merge	Area	2.946E6	7.749E6	1.043E7	1.117E7	7.279E6	4.697E6	2.959E6	2.351E6	

CNTAAPMWLNGTHPSSDEGIVSR 1,Carbamidomethyl(+57.0215);	Hex(6)HexNAc(6)NeuAc(2)	P07911@232;
CNTAAPMWLNGTHPSSDEGIVSR 1,Carbamidomethyl(+57.0215);	Hex(6)HexNAc(6)NeuAc(2)	P07911@232;
CNTAAPMWLNGTHPSSDEGIVSR 1,Carbamidomethyl(+57.0215);	Hex(6)HexNAc(6)NeuAc(2)	P07911@232;	+4
Theo	 Int 	27.10	70.29	99.35	100.00	79.70	53.07	30.55	
Scan	 RT 	1319.03	1319.29	1319.54	1319.79	1320.04	1320.29	1320.54	SumIntensity
14851	39.18	0.000E0	0.000E0	0.000E0	6.754E4	8.425E4	0.000E0	0.000E0	1.518E5	
14874	39.23	0.000E0	0.000E0	2.186E5	1.945E5	1.110E5	0.000E0	8.590E4	6.099E5	
14897	39.28	0.000E0	4.043E5	5.261E5	4.891E5	5.029E5	3.116E5	1.998E5	2.434E6	
14920	39.33	2.740E5	9.761E5	1.295E6	1.054E6	1.342E6	5.981E5	5.077E5	6.047E6	
14943	39.38	3.636E5	9.733E5	1.038E6	1.357E6	5.556E5	6.655E5	3.074E5	5.260E6	
14966	39.44	1.842E5	5.074E5	7.882E5	7.173E5	5.168E5	6.138E5	2.249E5	3.553E6	
14989	39.49	0.000E0	4.995E5	9.289E5	0.000E0	0.000E0	0.000E0	0.000E0	1.428E6	
15012	39.54	0.000E0	0.000E0	0.000E0	2.523E5	0.000E0	0.000E0	0.000E0	2.523E5	
Merge	Area	8.217E5	3.361E6	4.795E6	4.132E6	3.113E6	2.189E6	1.326E6	9.856E5	

CNTAAPMWLNGTHPSSDEGIVSR 1,Carbamidomethyl(+57.0215);	Hex(6)HexNAc(5)NeuAc(3)	P07911@232;
CNTAAPMWLNGTHPSSDEGIVSR 1,Carbamidomethyl(+57.0215);	Hex(6)HexNAc(5)NeuAc(3)	P07911@232;
CNTAAPMWLNGTHPSSDEGIVSR 1,Carbamidomethyl(+57.0215);	Hex(6)HexNAc(5)NeuAc(3)	P07911@232;	+3
Theo	 Int 	26.12	68.67	98.23	100.00	80.56	54.19	31.52	
Scan	 RT 	1787.72	1788.05	1788.38	1788.72	1789.05	1789.39	1789.72	SumIntensity
15629	40.90	2.007E5	4.298E5	5.371E5	4.563E5	4.367E5	2.355E5	1.139E5	2.410E6	
15652	40.95	2.281E5	4.783E5	1.166E6	8.756E5	5.487E5	4.613E5	2.860E5	4.044E6	
15675	41.00	3.562E5	9.962E5	1.187E6	1.220E6	8.756E5	6.061E5	2.620E5	5.503E6	
15698	41.06	6.896E5	1.647E6	2.093E6	2.298E6	1.716E6	1.143E6	6.446E5	1.023E7	
15721	41.11	1.020E6	2.343E6	3.018E6	3.498E6	2.780E6	1.718E6	1.108E6	1.548E7	
15745	41.16	7.313E5	2.775E6	3.506E6	4.067E6	3.136E6	1.980E6	1.274E6	1.747E7	
15768	41.21	8.381E5	2.021E6	3.357E6	3.518E6	2.970E6	1.684E6	1.103E6	1.549E7	
15791	41.26	7.614E5	1.837E6	3.082E6	3.353E6	2.245E6	1.478E6	9.562E5	1.371E7	
15814	41.31	8.329E5	1.480E6	2.219E6	2.585E6	2.208E6	1.469E6	7.142E5	1.151E7	
15837	41.36	5.322E5	1.314E6	1.782E6	1.715E6	1.317E6	7.319E5	7.635E5	8.156E6	
15860	41.41	1.642E5	7.956E5	8.958E5	1.137E6	6.609E5	3.045E5	2.271E5	4.185E6	
15883	41.46	0.000E0	3.999E5	4.505E5	5.263E5	4.795E5	1.873E5	1.579E5	2.201E6	
Merge	Area	6.355E6	1.652E7	2.329E7	2.525E7	1.937E7	1.200E7	7.610E6	5.442E6	

CNTAAPMWLNGTHPSSDEGIVSR 1,Carbamidomethyl(+57.0215);	Hex(5)HexNAc(6)NeuAc(3)	P07911@232;
CNTAAPMWLNGTHPSSDEGIVSR 1,Carbamidomethyl(+57.0215);	Hex(5)HexNAc(6)NeuAc(3)	P07911@232;
CNTAAPMWLNGTHPSSDEGIVSR 1,Carbamidomethyl(+57.0215);	Hex(5)HexNAc(6)NeuAc(3)	P07911@232;	+3
Theo	 Int 	25.51	67.71	97.61	100.00	81.01	54.75	31.97	
Scan	 RT 	1801.39	1801.73	1802.06	1802.39	1802.73	1803.06	1803.40	SumIntensity
15675	41.00	0.000E0	0.000E0	1.139E5	1.085E5	1.741E5	1.135E5	0.000E0	5.100E5	
15698	41.06	0.000E0	0.000E0	1.516E5	2.472E5	2.507E5	1.808E5	1.749E5	1.005E6	
15721	41.11	0.000E0	3.134E5	2.807E5	5.235E5	3.084E5	2.811E5	1.924E5	1.900E6	
15745	41.16	1.497E5	3.425E5	6.463E5	7.908E5	6.281E5	4.764E5	2.258E5	3.260E6	
15768	41.21	0.000E0	4.292E5	6.589E5	7.528E5	4.413E5	4.072E5	1.832E5	2.873E6	
15791	41.26	1.044E5	5.443E5	6.683E5	7.703E5	5.313E5	4.769E5	2.142E5	3.310E6	
15814	41.31	0.000E0	3.428E5	3.119E5	5.773E5	4.022E5	3.445E5	1.521E5	2.131E6	
15837	41.36	0.000E0	1.737E5	1.539E5	3.927E5	1.948E5	1.366E5	1.454E5	1.197E6	
15860	41.41	0.000E0	0.000E0	2.230E5	0.000E0	1.789E5	0.000E0	0.000E0	4.019E5	
Merge	Area	2.541E5	2.146E6	3.209E6	4.163E6	3.110E6	2.417E6	1.288E6	8.115E5	
CNTAAPMWLNGTHPSSDEGIVSR 1,Carbamidomethyl(+57.0215);	Hex(5)HexNAc(6)NeuAc(3)	P07911@232;	+4
Theo	 Int 	25.51	67.71	97.61	100.00	81.01	54.75	31.97	
Scan	 RT 	1351.30	1351.55	1351.80	1352.05	1352.30	1352.55	1352.80	SumIntensity
15652	40.95	1.081E5	2.657E5	3.520E5	3.441E5	2.308E5	2.101E5	0.000E0	1.511E6	
15675	41.00	2.683E5	2.413E5	5.466E5	7.108E5	5.132E5	2.729E5	1.410E5	2.694E6	
15698	41.06	2.113E5	8.641E5	1.036E6	9.462E5	6.908E5	4.757E5	3.090E5	4.533E6	
15721	41.11	2.553E5	6.387E5	1.482E6	1.320E6	1.195E6	5.061E5	3.879E5	5.785E6	
15745	41.16	4.363E5	1.115E6	1.785E6	1.927E6	1.860E6	1.322E6	8.724E5	9.317E6	
15768	41.21	6.877E5	1.601E6	2.690E6	2.278E6	2.560E6	1.434E6	1.121E6	1.237E7	
15791	41.26	5.462E5	1.962E6	2.410E6	2.468E6	1.937E6	2.166E6	8.231E5	1.231E7	
15814	41.31	2.464E5	1.536E6	1.673E6	2.250E6	1.818E6	1.458E6	4.879E5	9.469E6	
15837	41.36	3.229E5	8.165E5	1.334E6	1.584E6	1.051E6	6.065E5	5.942E5	6.308E6	
15860	41.41	2.593E5	4.034E5	9.469E5	6.486E5	8.157E5	0.000E0	3.381E5	3.412E6	
15883	41.46	0.000E0	0.000E0	4.097E5	3.868E5	3.272E5	1.842E5	1.388E5	1.447E6	
Merge	Area	3.342E6	9.443E6	1.466E7	1.486E7	1.300E7	8.635E6	5.213E6	3.405E6	

CNTAAPMWLNGTHPSSDEGIVSR 1,Carbamidomethyl(+57.0215);	Hex(7)HexNAc(6)NeuAc(2)	P07911@232;
CNTAAPMWLNGTHPSSDEGIVSR 1,Carbamidomethyl(+57.0215);	Hex(7)HexNAc(6)NeuAc(2)	P07911@232;
CNTAAPMWLNGTHPSSDEGIVSR 1,Carbamidomethyl(+57.0215);	Hex(7)HexNAc(6)NeuAc(2)	P07911@232;	+4
Theo	 Int 	25.25	67.25	97.27	100.00	81.30	55.14	32.32	
Scan	 RT 	1359.55	1359.80	1360.05	1360.30	1360.55	1360.80	1361.05	SumIntensity
14445	38.29	0.000E0	8.499E4	0.000E0	0.000E0	0.000E0	0.000E0	0.000E0	8.499E4	
14486	38.38	0.000E0	0.000E0	1.031E5	1.409E5	0.000E0	0.000E0	0.000E0	2.441E5	
14509	38.43	0.000E0	0.000E0	1.218E5	0.000E0	1.556E5	0.000E0	1.067E5	3.841E5	
14532	38.48	0.000E0	1.126E5	2.181E5	6.849E4	0.000E0	1.046E5	0.000E0	5.038E5	
14552	38.53	1.041E5	0.000E0	9.839E4	0.000E0	0.000E0	0.000E0	0.000E0	2.025E5	
14575	38.58	0.000E0	0.000E0	1.632E5	1.418E5	1.506E5	1.462E5	0.000E0	6.019E5	
14598	38.63	0.000E0	0.000E0	1.221E5	9.910E4	1.809E5	6.283E4	0.000E0	4.650E5	
14621	38.68	0.000E0	9.906E4	1.298E5	9.043E4	5.278E4	9.407E4	0.000E0	4.661E5	
14644	38.73	0.000E0	1.144E5	2.098E5	2.186E5	1.118E5	1.080E5	7.714E4	8.398E5	
14667	38.78	1.004E5	2.902E5	6.679E5	5.015E5	3.611E5	2.384E5	1.891E5	2.349E6	
14690	38.83	4.182E5	8.119E5	1.451E6	1.506E6	1.137E6	6.927E5	3.873E5	6.404E6	
14713	38.88	5.846E5	1.134E6	2.172E6	2.312E6	1.879E6	1.092E6	6.699E5	9.844E6	
14736	38.93	6.276E5	1.119E6	1.676E6	1.925E6	1.491E6	1.021E6	4.280E5	8.287E6	
14759	38.98	6.424E5	9.932E5	1.438E6	1.329E6	1.512E6	6.954E5	4.829E5	7.093E6	
14782	39.03	3.811E5	6.742E5	1.019E6	1.337E6	5.917E5	6.573E5	3.708E5	5.031E6	
14805	39.08	1.950E5	6.039E5	6.332E5	6.028E5	5.824E5	5.444E5	1.886E5	3.350E6	
14828	39.13	0.000E0	4.541E5	5.002E5	3.323E5	4.109E5	1.603E5	1.397E5	1.997E6	
14851	39.18	0.000E0	0.000E0	2.576E5	2.374E5	0.000E0	6.463E4	0.000E0	5.596E5	
Merge	Area	3.053E6	6.491E6	1.098E7	1.084E7	8.618E6	5.682E6	3.040E6	2.438E6	

CNTAAPMWLNGTHPSSDEGIVSR 1,Carbamidomethyl(+57.0215);	Hex(6)HexNAc(6)NeuAc(3)	P07911@232;
CNTAAPMWLNGTHPSSDEGIVSR 1,Carbamidomethyl(+57.0215);	Hex(6)HexNAc(6)NeuAc(3)	P07911@232;
CNTAAPMWLNGTHPSSDEGIVSR 1,Carbamidomethyl(+57.0215);	Hex(6)HexNAc(6)NeuAc(3)	P07911@232;	+4
Theo	 Int 	23.85	64.97	95.72	100.00	82.49	56.70	33.65	
Scan	 RT 	1391.81	1392.06	1392.31	1392.56	1392.81	1393.06	1393.31	SumIntensity
15583	40.80	0.000E0	0.000E0	0.000E0	0.000E0	8.749E4	0.000E0	0.000E0	8.749E4	
15629	40.90	0.000E0	1.698E5	1.224E5	1.242E5	1.486E5	0.000E0	0.000E0	5.649E5	
15652	40.95	0.000E0	2.157E5	3.227E5	5.232E5	3.912E5	2.680E5	0.000E0	1.721E6	
15675	41.00	2.260E5	5.711E5	8.208E5	8.638E5	8.683E5	3.123E5	1.281E5	3.790E6	
15698	41.06	2.123E5	1.229E6	1.190E6	1.213E6	9.470E5	6.512E5	4.738E5	5.916E6	
15721	41.11	4.645E5	1.354E6	1.826E6	2.019E6	1.240E6	7.456E5	4.682E5	8.117E6	
15745	41.16	4.710E5	1.445E6	1.867E6	2.489E6	1.998E6	1.107E6	8.600E5	1.024E7	
15768	41.21	7.144E5	1.715E6	2.347E6	2.760E6	2.153E6	1.313E6	5.628E5	1.157E7	
15791	41.26	7.731E5	1.609E6	2.273E6	2.529E6	1.690E6	1.251E6	8.806E5	1.101E7	
15814	41.31	6.145E5	1.298E6	2.281E6	2.275E6	1.907E6	1.754E6	1.031E6	1.116E7	
15837	41.36	4.579E5	1.439E6	2.021E6	2.051E6	1.583E6	1.524E6	5.917E5	9.669E6	
15860	41.41	5.398E5	9.915E5	2.118E6	1.832E6	2.004E6	7.266E5	6.267E5	8.839E6	
15883	41.46	2.548E5	8.377E5	1.148E6	1.164E6	9.460E5	7.653E5	4.067E5	5.522E6	
15906	41.51	2.391E5	5.081E5	9.178E5	8.739E5	7.232E5	4.097E5	3.155E5	3.987E6	
15925	41.55	4.204E5	7.889E5	8.278E5	1.199E6	5.123E5	3.238E5	3.191E5	4.391E6	
15948	41.60	1.792E5	2.927E5	4.333E5	3.942E5	3.078E5	1.438E5	1.053E5	1.856E6	
15971	41.65	1.251E5	4.696E5	2.514E5	5.713E5	4.372E5	3.555E5	1.883E5	2.398E6	
15994	41.70	1.555E5	4.663E5	1.585E5	4.854E5	1.520E5	4.646E5	7.724E4	1.960E6	
Merge	Area	5.848E6	1.540E7	2.093E7	2.337E7	1.810E7	1.212E7	7.035E6	5.105E6	

CNTAAPMWLNGTHPSSDEGIVSR 1,Carbamidomethyl(+57.0215);	Hex(7)HexNAc(6)NeuAc(3)	P07911@232;
CNTAAPMWLNGTHPSSDEGIVSR 1,Carbamidomethyl(+57.0215);	Hex(7)HexNAc(6)NeuAc(3)	P07911@232;
CNTAAPMWLNGTHPSSDEGIVSR 1,Carbamidomethyl(+57.0215);	Hex(7)HexNAc(6)NeuAc(3)	P07911@232;	+4
Theo	 Int 	22.07	61.63	93.27	100.00	84.56	59.48	36.07	
Scan	 RT 	1432.32	1432.57	1432.82	1433.07	1433.32	1433.58	1433.83	SumIntensity
15301	40.18	0.000E0	2.825E5	2.790E5	5.257E5	3.090E5	0.000E0	0.000E0	1.396E6	
15338	40.26	0.000E0	1.679E5	0.000E0	2.730E5	4.050E5	0.000E0	0.000E0	8.459E5	
15360	40.31	0.000E0	2.293E5	2.244E5	0.000E0	2.540E5	0.000E0	0.000E0	7.077E5	
15380	40.35	0.000E0	0.000E0	3.557E5	4.243E5	1.675E5	0.000E0	0.000E0	9.475E5	
15400	40.39	0.000E0	0.000E0	0.000E0	4.238E5	4.203E5	1.980E5	0.000E0	1.042E6	
15420	40.44	0.000E0	0.000E0	0.000E0	3.323E5	0.000E0	0.000E0	0.000E0	3.323E5	
15443	40.49	0.000E0	0.000E0	2.961E5	0.000E0	2.016E5	0.000E0	0.000E0	4.976E5	
15457	40.52	2.050E5	1.508E5	6.322E5	3.345E5	4.072E5	3.064E5	1.398E5	2.176E6	
15472	40.56	0.000E0	4.271E5	5.384E5	5.778E5	3.603E5	3.846E5	1.956E5	2.484E6	
15494	40.60	2.122E5	4.607E5	1.020E6	1.409E6	6.925E5	5.090E5	3.258E5	4.630E6	
15516	40.65	2.239E5	8.143E5	1.175E6	1.454E6	1.201E6	6.843E5	5.987E5	6.152E6	
15538	40.70	4.306E5	9.383E5	1.861E6	1.806E6	1.483E6	8.580E5	9.037E5	8.281E6	
15560	40.75	6.080E5	9.770E5	2.294E6	1.973E6	1.927E6	1.392E6	1.099E6	1.027E7	
15583	40.80	6.218E5	1.455E6	2.531E6	2.277E6	2.134E6	1.259E6	6.652E5	1.094E7	
15606	40.85	6.556E5	1.403E6	2.542E6	2.589E6	2.032E6	1.133E6	6.881E5	1.104E7	
15629	40.90	5.397E5	1.669E6	1.654E6	2.227E6	1.686E6	1.230E6	7.650E5	9.771E6	
15652	40.95	5.151E5	1.278E6	1.953E6	1.774E6	1.504E6	1.494E6	6.933E5	9.210E6	
15675	41.00	2.954E5	9.205E5	1.489E6	1.507E6	8.634E5	9.080E5	8.272E5	6.810E6	
15698	41.06	2.906E5	7.547E5	1.043E6	1.079E6	7.830E5	6.061E5	2.999E5	4.855E6	
15721	41.11	2.537E5	6.108E5	5.535E5	7.211E5	3.987E5	4.946E5	2.069E5	3.239E6	
15745	41.16	0.000E0	1.775E5	3.473E5	3.967E5	5.207E5	1.882E5	2.079E5	1.838E6	
Merge	Area	4.852E6	1.272E7	2.079E7	2.210E7	1.775E7	1.165E7	7.616E6	4.766E6	
CNTAAPMWLNGTHPSSDEGIVSR 1,Carbamidomethyl(+57.0215);	Hex(7)HexNAc(6)NeuAc(3)	P07911@232;	+4
Theo	 Int 	22.07	61.63	93.27	100.00	84.56	59.48	36.07	
Scan	 RT 	1432.32	1432.57	1432.82	1433.07	1433.32	1433.58	1433.83	SumIntensity
16040	41.80	0.000E0	0.000E0	1.531E5	0.000E0	0.000E0	0.000E0	0.000E0	1.531E5	
16063	41.85	0.000E0	2.425E5	0.000E0	0.000E0	0.000E0	0.000E0	0.000E0	2.425E5	
16109	41.95	0.000E0	0.000E0	1.631E5	0.000E0	1.662E5	1.303E5	0.000E0	4.596E5	
16132	42.00	0.000E0	1.551E5	1.161E5	2.809E5	1.851E5	0.000E0	0.000E0	7.373E5	
16155	42.05	0.000E0	0.000E0	2.196E5	2.158E5	1.038E5	0.000E0	0.000E0	5.392E5	
16178	42.10	0.000E0	0.000E0	1.424E5	1.536E5	2.033E5	2.074E5	9.187E4	7.985E5	
16201	42.15	0.000E0	1.764E5	1.791E5	2.149E5	1.470E5	1.015E5	1.766E5	9.954E5	
16224	42.20	0.000E0	0.000E0	2.431E5	3.286E5	0.000E0	1.551E5	9.774E4	8.246E5	
16247	42.26	0.000E0	1.341E5	2.066E5	1.616E5	2.508E5	1.627E5	1.733E5	1.089E6	
16270	42.31	0.000E0	2.815E5	2.459E5	4.295E5	5.527E5	1.778E5	0.000E0	1.687E6	
16293	42.36	0.000E0	2.569E5	2.126E5	2.160E5	2.857E5	3.397E5	0.000E0	1.311E6	
16316	42.41	2.031E5	1.826E5	2.625E5	7.360E5	4.163E5	1.746E5	3.633E5	2.339E6	
16339	42.46	2.691E5	3.120E5	4.003E5	8.598E5	6.214E5	0.000E0	0.000E0	2.463E6	
16362	42.51	0.000E0	4.941E5	5.186E5	4.873E5	5.660E5	2.834E5	3.447E5	2.694E6	
16386	42.56	0.000E0	3.877E5	7.367E5	1.002E6	6.351E5	6.358E5	1.715E5	3.569E6	
16409	42.61	3.865E5	3.604E5	6.603E5	8.400E5	3.594E5	2.272E5	4.200E5	3.254E6	
16432	42.66	1.784E5	4.746E5	1.041E6	7.894E5	5.690E5	5.808E5	1.795E5	3.813E6	
16455	42.71	0.000E0	7.378E5	5.132E5	9.339E5	6.684E5	3.755E5	4.000E5	3.629E6	
16478	42.76	3.853E5	4.864E5	8.045E5	1.375E6	6.127E5	6.591E5	3.769E5	4.700E6	
16501	42.81	1.951E5	5.479E5	6.063E5	8.236E5	7.862E5	4.028E5	2.936E5	3.656E6	
16524	42.86	3.799E5	8.280E5	5.570E5	1.083E6	9.488E5	6.054E5	0.000E0	4.402E6	
16547	42.91	3.205E5	4.789E5	8.413E5	8.438E5	7.471E5	4.943E5	4.242E5	4.150E6	
16570	42.96	2.567E5	7.348E5	1.465E6	1.576E6	1.113E6	7.596E5	2.826E5	6.187E6	
16590	43.00	3.145E5	8.780E5	1.372E6	1.378E6	1.525E6	7.943E5	5.148E5	6.777E6	
16613	43.05	5.219E5	7.742E5	1.519E6	1.052E6	8.386E5	9.298E5	6.750E5	6.311E6	
16636	43.10	0.000E0	5.082E5	8.298E5	1.256E6	1.305E6	9.672E5	0.000E0	4.866E6	
16659	43.15	0.000E0	9.211E5	9.619E5	7.945E5	1.221E6	8.387E5	5.459E5	5.283E6	
16682	43.20	0.000E0	0.000E0	0.000E0	0.000E0	0.000E0	5.956E5	0.000E0	5.956E5	
Merge	Area	3.411E6	1.035E7	1.497E7	1.783E7	1.483E7	1.060E7	5.531E6	3.835E6	

CNTAAPMWLNGTHPSSDEGIVSR 1,Carbamidomethyl(+57.0215);	Hex(8)HexNAc(7)NeuAc(4)	P07911@232;
CNTAAPMWLNGTHPSSDEGIVSR 1,Carbamidomethyl(+57.0215);	Hex(8)HexNAc(7)NeuAc(4)	P07911@232;
CNTAAPMWLNGTHPSSDEGIVSR 1,Carbamidomethyl(+57.0215);	Hex(8)HexNAc(7)NeuAc(4)	P07911@232;	+4
Theo	 Int 	16.38	50.89	84.91	100.00	92.54	70.70	46.30	
Scan	 RT 	1596.38	1596.63	1596.88	1597.13	1597.38	1597.63	1597.88	SumIntensity
15971	41.65	0.000E0	1.143E5	1.318E5	8.662E4	1.558E5	0.000E0	0.000E0	4.885E5	
15994	41.70	1.009E5	1.834E5	3.305E5	2.529E5	2.938E5	3.247E5	1.042E5	1.590E6	
16017	41.75	1.491E5	2.013E5	2.631E5	6.377E5	3.646E5	3.702E5	0.000E0	1.986E6	
16040	41.80	1.584E5	2.753E5	3.983E5	6.892E5	7.129E5	3.954E5	1.828E5	2.812E6	
16063	41.85	1.304E5	6.990E5	1.009E6	7.164E5	8.398E5	7.551E5	3.933E5	4.543E6	
16086	41.90	2.585E5	6.864E5	1.097E6	1.122E6	9.352E5	6.387E5	5.470E5	5.284E6	
16109	41.95	2.027E5	6.455E5	1.038E6	1.042E6	7.111E5	8.817E5	7.398E5	5.261E6	
16132	42.00	3.421E5	8.947E5	9.677E5	1.425E6	1.361E6	7.613E5	8.435E5	6.596E6	
16155	42.05	3.228E5	9.235E5	1.591E6	9.433E5	9.690E5	9.865E5	5.362E5	6.272E6	
16178	42.10	2.000E5	6.421E5	1.582E6	1.213E6	1.227E6	7.959E5	7.213E5	6.380E6	
16201	42.15	1.704E5	7.742E5	1.220E6	1.233E6	1.333E6	7.866E5	5.521E5	6.070E6	
16224	42.20	2.468E5	7.855E5	1.362E6	1.080E6	1.272E6	8.969E5	6.626E5	6.306E6	
16247	42.26	2.152E5	6.121E5	8.879E5	1.091E6	1.239E6	9.558E5	6.073E5	5.609E6	
16270	42.31	3.622E5	6.395E5	1.213E6	1.349E6	1.347E6	9.695E5	6.853E5	6.565E6	
16293	42.36	0.000E0	7.768E5	9.544E5	1.227E6	8.968E5	7.664E5	2.957E5	4.917E6	
16316	42.41	1.899E5	5.835E5	9.842E5	1.072E6	7.033E5	8.626E5	6.240E5	5.020E6	
16339	42.46	2.072E5	4.173E5	6.728E5	5.901E5	8.017E5	9.300E5	2.626E5	3.882E6	
16362	42.51	0.000E0	5.868E5	8.813E5	7.280E5	1.013E6	5.734E5	4.448E5	4.228E6	
16386	42.56	0.000E0	1.718E5	7.838E5	4.791E5	5.074E5	3.368E5	6.101E5	2.889E6	
16409	42.61	0.000E0	3.830E5	3.261E5	6.101E5	3.365E5	2.638E5	3.963E5	2.316E6	
16432	42.66	0.000E0	1.111E5	2.694E5	6.133E5	3.737E5	2.805E5	1.750E5	1.823E6	
16455	42.71	0.000E0	0.000E0	1.280E5	2.590E5	3.359E5	2.447E5	1.597E5	1.127E6	
Merge	Area	3.256E6	1.111E7	1.809E7	1.846E7	1.773E7	1.378E7	9.544E6	4.588E6	
CNTAAPMWLNGTHPSSDEGIVSR 1,Carbamidomethyl(+57.0215);	Hex(8)HexNAc(7)NeuAc(4)	P07911@232;	+5
Theo	 Int 	16.38	50.89	84.91	100.00	92.54	70.70	46.30	
Scan	 RT 	1277.30	1277.51	1277.71	1277.91	1278.11	1278.31	1278.51	SumIntensity
16017	41.75	0.000E0	3.533E5	1.599E5	0.000E0	0.000E0	0.000E0	0.000E0	5.133E5	
16040	41.80	0.000E0	2.141E5	1.610E5	2.329E5	3.083E5	2.051E5	0.000E0	1.121E6	
16063	41.85	0.000E0	3.206E5	1.879E5	2.915E5	3.895E5	2.116E5	3.441E5	1.745E6	
16086	41.90	0.000E0	2.460E5	1.837E5	3.501E5	7.132E5	4.751E5	2.053E5	2.173E6	
16109	41.95	0.000E0	5.064E5	4.111E5	7.490E5	4.711E5	1.377E5	5.387E5	2.814E6	
16132	42.00	0.000E0	2.032E5	3.178E5	4.588E5	8.455E5	2.225E5	3.818E5	2.430E6	
16155	42.05	1.077E5	2.468E5	6.282E5	5.175E5	6.230E5	4.434E5	4.786E5	3.045E6	
16178	42.10	0.000E0	2.854E5	3.159E5	6.260E5	6.147E5	3.329E5	2.728E5	2.448E6	
16201	42.15	0.000E0	4.593E5	4.845E5	3.498E5	4.420E5	6.216E5	2.422E5	2.599E6	
16224	42.20	7.617E4	3.371E5	5.184E5	5.372E5	7.146E5	6.400E5	2.409E5	3.064E6	
16247	42.26	0.000E0	3.619E5	4.231E5	4.488E5	3.573E5	5.102E5	3.293E5	2.430E6	
16270	42.31	9.186E4	1.793E5	6.102E5	5.838E5	5.518E5	4.525E5	2.812E5	2.751E6	
16293	42.36	0.000E0	2.586E5	4.064E5	6.302E5	5.869E5	2.497E5	2.329E5	2.365E6	
16316	42.41	0.000E0	4.379E5	4.259E5	3.917E5	3.724E5	0.000E0	1.672E5	1.795E6	
16339	42.46	0.000E0	4.120E5	3.388E5	3.678E5	7.474E5	3.247E5	1.989E5	2.390E6	
16362	42.51	0.000E0	1.403E5	0.000E0	2.655E5	3.550E5	2.346E5	0.000E0	9.953E5	
16386	42.56	0.000E0	3.303E5	0.000E0	5.952E5	2.287E5	1.734E5	9.770E4	1.425E6	
16409	42.61	0.000E0	1.822E5	0.000E0	0.000E0	2.786E5	3.384E5	0.000E0	7.992E5	
16432	42.66	0.000E0	0.000E0	0.000E0	2.562E5	0.000E0	1.072E5	0.000E0	3.634E5	
Merge	Area	2.757E5	5.475E6	5.573E6	7.652E6	8.600E6	5.680E6	4.012E6	1.854E6	

CNTAAPMWLNGTHPSSDEGIVSR 1,Carbamidomethyl(+57.0215);	Hex(4)HexNAc(3)NeuAc(1)Fuc(1)	P07911@232;
CNTAAPMWLNGTHPSSDEGIVSR 1,Carbamidomethyl(+57.0215);	Hex(4)HexNAc(3)NeuAc(1)Fuc(1)	P07911@232;
CNTAAPMWLNGTHPSSDEGIVSR 1,Carbamidomethyl(+57.0215);	Hex(4)HexNAc(3)NeuAc(1)Fuc(1)	P07911@232;	+3
Theo	 Int 	40.60	85.65	100.00	83.30	55.03	30.46	10.07	
Scan	 RT 	1398.92	1399.25	1399.59	1399.92	1400.25	1400.59	1400.92	SumIntensity
14736	38.93	1.287E5	0.000E0	0.000E0	0.000E0	0.000E0	0.000E0	0.000E0	1.287E5	
14759	38.98	1.514E5	1.733E5	2.771E5	1.615E5	1.259E5	0.000E0	0.000E0	8.892E5	
14782	39.03	1.710E5	2.095E5	1.450E5	2.836E5	1.136E5	0.000E0	0.000E0	9.228E5	
14805	39.08	0.000E0	1.632E5	2.698E5	2.690E5	1.307E5	1.212E5	0.000E0	9.539E5	
14828	39.13	1.645E5	3.837E5	4.742E5	3.604E5	2.836E5	0.000E0	1.527E5	1.819E6	
14851	39.18	3.773E5	8.953E5	8.043E5	6.314E5	3.488E5	2.854E5	1.031E5	3.446E6	
14874	39.23	2.824E5	6.794E5	7.162E5	4.845E5	4.030E5	3.457E5	0.000E0	2.911E6	
14897	39.28	1.626E5	4.162E5	4.480E5	4.808E5	2.237E5	3.178E5	0.000E0	2.049E6	
14920	39.33	1.046E5	3.345E5	2.912E5	1.701E5	1.824E5	1.033E5	0.000E0	1.186E6	
14943	39.38	0.000E0	1.285E5	7.338E4	1.216E5	0.000E0	6.383E4	0.000E0	3.873E5	
Merge	Area	1.542E6	3.384E6	3.499E6	2.963E6	1.812E6	1.237E6	2.559E5	7.285E5	
CNTAAPMWLNGTHPSSDEGIVSR 1,Carbamidomethyl(+57.0215);	Hex(4)HexNAc(3)NeuAc(1)Fuc(1)	P07911@232;	+3
Theo	 Int 	40.60	85.65	100.00	83.30	55.03	30.46	10.07	
Scan	 RT 	1398.92	1399.25	1399.59	1399.92	1400.25	1400.59	1400.92	SumIntensity
15101	39.73	0.000E0	2.307E5	0.000E0	2.128E5	0.000E0	0.000E0	1.357E5	5.791E5	
15124	39.78	0.000E0	1.732E5	1.535E5	0.000E0	1.253E5	1.406E5	0.000E0	5.925E5	
15147	39.83	1.291E5	2.243E5	4.054E5	2.052E5	1.511E5	1.280E5	0.000E0	1.243E6	
15167	39.87	1.365E5	3.272E5	4.440E5	2.567E5	1.306E5	1.098E5	0.000E0	1.405E6	
15190	39.92	1.422E5	2.139E5	1.948E5	0.000E0	0.000E0	1.854E5	0.000E0	7.362E5	
15213	39.97	0.000E0	1.227E5	1.453E5	0.000E0	0.000E0	0.000E0	0.000E0	2.680E5	
Merge	Area	4.077E5	1.292E6	1.343E6	6.747E5	4.070E5	5.638E5	1.357E5	2.137E5	

CNTAAPMWLNGTHPSSDEGIVSR 1,Carbamidomethyl(+57.0215);	Hex(5)HexNAc(4)NeuAc(1)Fuc(1)	P07911@232;
CNTAAPMWLNGTHPSSDEGIVSR 1,Carbamidomethyl(+57.0215);	Hex(5)HexNAc(4)NeuAc(1)Fuc(1)	P07911@232;
CNTAAPMWLNGTHPSSDEGIVSR 1,Carbamidomethyl(+57.0215);	Hex(5)HexNAc(4)NeuAc(1)Fuc(1)	P07911@232;	+3
Theo	 Int 	35.15	79.92	100.00	89.57	63.56	37.77	19.45	
Scan	 RT 	1520.63	1520.96	1521.30	1521.63	1521.96	1522.30	1522.63	SumIntensity
13971	37.26	1.075E5	0.000E0	0.000E0	3.968E5	0.000E0	0.000E0	1.513E5	6.556E5	
13994	37.30	3.274E5	7.878E5	9.928E5	8.139E5	6.052E5	3.474E5	3.467E5	4.221E6	
14017	37.36	4.436E5	1.449E6	1.886E6	1.890E6	1.094E6	8.632E5	3.052E5	7.930E6	
14040	37.41	6.091E5	4.687E5	9.252E5	8.180E5	5.324E5	2.024E5	0.000E0	3.556E6	
14063	37.46	0.000E0	3.516E5	2.456E5	1.826E5	1.432E5	0.000E0	0.000E0	9.230E5	
Merge	Area	1.488E6	3.057E6	4.050E6	4.101E6	2.374E6	1.413E6	8.033E5	8.303E5	
CNTAAPMWLNGTHPSSDEGIVSR 1,Carbamidomethyl(+57.0215);	Hex(5)HexNAc(4)NeuAc(1)Fuc(1)	P07911@232;	+4
Theo	 Int 	35.15	79.92	100.00	89.57	63.56	37.77	19.45	
Scan	 RT 	1140.72	1140.97	1141.22	1141.47	1141.73	1141.98	1142.23	SumIntensity
13971	37.26	1.175E5	0.000E0	2.710E5	2.065E5	1.291E5	1.145E5	0.000E0	8.386E5	
13994	37.30	5.395E5	1.093E6	1.469E6	1.035E6	1.053E6	4.495E5	2.983E5	5.938E6	
14017	37.36	5.738E5	1.296E6	1.922E6	1.752E6	1.281E6	1.145E6	4.327E5	8.403E6	
14040	37.41	3.561E5	8.397E5	7.248E5	7.519E5	7.230E5	2.840E5	0.000E0	3.680E6	
14063	37.46	0.000E0	3.299E5	1.604E5	3.417E5	1.722E5	2.078E5	1.592E5	1.371E6	
Merge	Area	1.587E6	3.559E6	4.548E6	4.087E6	3.358E6	2.201E6	8.902E5	9.620E5	

CNTAAPMWLNGTHPSSDEGIVSR 1,Carbamidomethyl(+57.0215);	Hex(4)HexNAc(5)NeuAc(1)Fuc(1)	P07911@232;
CNTAAPMWLNGTHPSSDEGIVSR 1,Carbamidomethyl(+57.0215);	Hex(4)HexNAc(5)NeuAc(1)Fuc(1)	P07911@232;
CNTAAPMWLNGTHPSSDEGIVSR 1,Carbamidomethyl(+57.0215);	Hex(4)HexNAc(5)NeuAc(1)Fuc(1)	P07911@232;	+4
Theo	 Int 	34.46	79.26	100.00	90.18	64.35	38.42	19.86	
Scan	 RT 	1150.98	1151.23	1151.48	1151.73	1151.98	1152.23	1152.48	SumIntensity
13971	37.26	0.000E0	0.000E0	0.000E0	1.952E5	0.000E0	0.000E0	0.000E0	1.952E5	
13994	37.30	1.027E5	7.013E5	8.910E5	4.334E5	5.815E5	1.881E5	0.000E0	2.898E6	
14017	37.36	1.095E6	1.996E6	2.179E6	1.758E6	1.485E6	5.007E5	4.457E5	9.459E6	
14040	37.41	8.302E5	2.359E6	2.253E6	2.721E6	1.333E6	6.848E5	4.933E5	1.068E7	
14063	37.46	2.677E5	8.853E5	1.621E6	1.077E6	8.629E5	5.561E5	4.096E5	5.679E6	
14086	37.51	0.000E0	6.388E5	6.412E5	5.229E5	3.734E5	1.644E5	0.000E0	2.341E6	
14109	37.56	0.000E0	2.036E5	3.987E5	2.322E5	2.405E5	1.066E5	1.091E5	1.291E6	
14132	37.61	1.792E5	5.647E5	3.972E5	7.492E5	3.042E5	1.039E5	0.000E0	2.298E6	
14152	37.65	2.792E5	3.706E5	3.860E5	4.050E5	2.880E5	1.519E5	1.451E5	2.026E6	
Merge	Area	2.754E6	7.720E6	8.767E6	8.094E6	5.468E6	2.457E6	1.603E6	1.785E6	

CNTAAPMWLNGTHPSSDEGIVSR 1,Carbamidomethyl(+57.0215);	Hex(3)HexNAc(6)NeuAc(1)Fuc(1)	P07911@232;
CNTAAPMWLNGTHPSSDEGIVSR 1,Carbamidomethyl(+57.0215);	Hex(3)HexNAc(6)NeuAc(1)Fuc(1)	P07911@232;
CNTAAPMWLNGTHPSSDEGIVSR 1,Carbamidomethyl(+57.0215);	Hex(3)HexNAc(6)NeuAc(1)Fuc(1)	P07911@232;	+4
Theo	 Int 	33.80	78.61	100.00	90.77	65.11	39.05	20.26	
Scan	 RT 	1161.24	1161.49	1161.74	1161.99	1162.24	1162.49	1162.74	SumIntensity
14040	37.41	1.606E5	3.585E5	5.075E5	4.272E5	2.999E5	1.530E5	1.732E5	2.080E6	
14063	37.46	2.563E5	4.313E5	1.023E6	8.903E5	3.183E5	2.620E5	0.000E0	3.181E6	
14086	37.51	3.354E5	4.202E5	7.347E5	6.581E5	3.778E5	2.076E5	0.000E0	2.734E6	
14109	37.56	0.000E0	1.396E5	0.000E0	0.000E0	0.000E0	0.000E0	0.000E0	1.396E5	
Merge	Area	7.522E5	1.350E6	2.265E6	1.976E6	9.960E5	6.226E5	1.732E5	3.517E5	

CNTAAPMWLNGTHPSSDEGIVSR 1,Carbamidomethyl(+57.0215);	Hex(5)HexNAc(4)NeuAc(2)Fuc(1)	P07911@232;
CNTAAPMWLNGTHPSSDEGIVSR 1,Carbamidomethyl(+57.0215);	Hex(5)HexNAc(4)NeuAc(2)Fuc(1)	P07911@232;
CNTAAPMWLNGTHPSSDEGIVSR 1,Carbamidomethyl(+57.0215);	Hex(5)HexNAc(4)NeuAc(2)Fuc(1)	P07911@232;	+3
Theo	 Int 	31.56	75.85	100.00	94.29	70.18	43.62	23.43	
Scan	 RT 	1617.66	1617.99	1618.33	1618.66	1619.00	1619.33	1619.67	SumIntensity
14690	38.83	0.000E0	0.000E0	0.000E0	0.000E0	6.685E4	0.000E0	0.000E0	6.685E4	
14736	38.93	2.148E5	3.164E5	4.439E5	5.875E5	3.017E5	2.268E5	1.366E5	2.228E6	
14759	38.98	1.699E5	8.063E5	1.345E6	1.116E6	7.702E5	6.473E5	2.094E5	5.065E6	
14782	39.03	3.584E5	8.214E5	1.218E6	1.062E6	6.690E5	4.197E5	2.583E5	4.808E6	
14805	39.08	2.654E5	6.359E5	1.127E6	9.771E5	5.863E5	3.204E5	2.743E5	4.186E6	
14828	39.13	8.937E5	1.948E6	2.584E6	2.401E6	1.752E6	1.102E6	3.691E5	1.105E7	
14851	39.18	1.334E6	2.789E6	4.107E6	3.481E6	2.376E6	1.464E6	6.962E5	1.625E7	
14874	39.23	7.773E5	1.791E6	2.525E6	2.514E6	1.728E6	9.493E5	6.922E5	1.098E7	
14897	39.28	4.363E5	1.103E6	1.465E6	1.385E6	1.018E6	5.965E5	2.936E5	6.297E6	
14920	39.33	3.289E5	9.014E5	9.908E5	8.547E5	8.820E5	4.948E5	2.708E5	4.723E6	
14943	39.38	1.446E5	3.077E5	5.036E5	3.693E5	3.879E5	1.705E5	0.000E0	1.884E6	
Merge	Area	4.924E6	1.142E7	1.631E7	1.475E7	1.054E7	6.391E6	3.201E6	3.416E6	
CNTAAPMWLNGTHPSSDEGIVSR 1,Carbamidomethyl(+57.0215);	Hex(5)HexNAc(4)NeuAc(2)Fuc(1)	P07911@232;	+3
Theo	 Int 	31.56	75.85	100.00	94.29	70.18	43.62	23.43	
Scan	 RT 	1617.66	1617.99	1618.33	1618.66	1619.00	1619.33	1619.67	SumIntensity
15457	40.52	0.000E0	0.000E0	2.616E5	1.998E5	0.000E0	0.000E0	0.000E0	4.615E5	
15472	40.56	1.531E5	2.172E5	4.481E5	2.223E5	2.292E5	1.957E5	0.000E0	1.466E6	
15494	40.60	0.000E0	3.961E5	5.153E5	4.100E5	3.165E5	2.893E5	0.000E0	1.927E6	
15516	40.65	1.437E5	3.055E5	3.783E5	3.247E5	3.720E5	2.453E5	0.000E0	1.770E6	
15538	40.70	1.646E5	3.664E5	4.781E5	3.330E5	3.943E5	2.366E5	0.000E0	1.973E6	
15560	40.75	2.172E5	2.724E5	5.642E5	3.326E5	2.565E5	1.241E5	8.584E4	1.853E6	
15583	40.80	8.758E4	2.778E5	3.416E5	3.066E5	1.382E5	2.206E5	0.000E0	1.372E6	
15606	40.85	8.494E4	3.175E5	2.545E5	9.335E4	0.000E0	1.005E5	0.000E0	8.508E5	
15629	40.90	0.000E0	1.337E5	1.715E5	1.551E5	1.121E5	8.390E4	0.000E0	6.562E5	
15652	40.95	0.000E0	1.077E5	0.000E0	1.074E5	1.151E5	0.000E0	0.000E0	3.302E5	
Merge	Area	8.511E5	2.394E6	3.413E6	2.485E6	1.934E6	1.496E6	8.584E4	5.935E5	
CNTAAPMWLNGTHPSSDEGIVSR 1,Carbamidomethyl(+57.0215);	Hex(5)HexNAc(4)NeuAc(2)Fuc(1)	P07911@232;	+4
Theo	 Int 	31.56	75.85	100.00	94.29	70.18	43.62	23.43	
Scan	 RT 	1213.50	1213.75	1214.00	1214.25	1214.50	1214.75	1215.00	SumIntensity
14713	38.88	0.000E0	1.146E5	1.085E5	1.563E5	1.831E5	1.602E5	0.000E0	7.227E5	
14736	38.93	0.000E0	6.389E5	1.048E6	7.715E5	7.571E5	2.922E5	2.978E5	3.805E6	
14759	38.98	8.597E5	1.731E6	2.354E6	2.297E6	1.816E6	1.008E6	4.916E5	1.056E7	
14782	39.03	8.921E5	2.157E6	2.870E6	2.836E6	1.725E6	1.269E6	5.835E5	1.233E7	
14805	39.08	6.939E5	1.636E6	2.190E6	2.020E6	1.465E6	1.041E6	6.222E5	9.668E6	
14828	39.13	1.991E6	4.538E6	5.871E6	5.865E6	3.939E6	2.270E6	1.509E6	2.598E7	
14851	39.18	2.600E6	5.785E6	7.885E6	7.562E6	6.001E6	3.468E6	1.807E6	3.511E7	
14874	39.23	1.496E6	4.649E6	5.076E6	5.354E6	3.819E6	2.234E6	1.418E6	2.405E7	
14897	39.28	8.802E5	2.287E6	2.582E6	2.463E6	1.916E6	1.229E6	6.472E5	1.200E7	
14920	39.33	7.379E5	1.195E6	1.812E6	1.628E6	1.215E6	6.820E5	4.729E5	7.742E6	
14943	39.38	2.745E5	4.760E5	6.911E5	7.386E5	5.107E5	4.497E5	2.417E5	3.382E6	
Merge	Area	1.043E7	2.521E7	3.249E7	3.169E7	2.335E7	1.410E7	8.091E6	7.230E6	

CNTAAPMWLNGTHPSSDEGIVSR 1,Carbamidomethyl(+57.0215);	Hex(4)HexNAc(5)NeuAc(2)Fuc(1)	P07911@232;
CNTAAPMWLNGTHPSSDEGIVSR 1,Carbamidomethyl(+57.0215);	Hex(4)HexNAc(5)NeuAc(2)Fuc(1)	P07911@232;
CNTAAPMWLNGTHPSSDEGIVSR 1,Carbamidomethyl(+57.0215);	Hex(4)HexNAc(5)NeuAc(2)Fuc(1)	P07911@232;	+4
Theo	 Int 	30.96	75.21	100.00	94.97	71.09	44.41	23.96	
Scan	 RT 	1223.75	1224.00	1224.25	1224.51	1224.76	1225.01	1225.26	SumIntensity
14736	38.93	0.000E0	0.000E0	0.000E0	7.546E4	1.101E5	0.000E0	0.000E0	1.855E5	
14759	38.98	1.087E5	3.727E5	3.382E5	2.824E5	2.409E5	0.000E0	1.970E5	1.540E6	
14782	39.03	4.552E5	8.368E5	1.538E6	1.279E6	9.014E5	3.700E5	1.916E5	5.572E6	
14805	39.08	4.236E5	1.175E6	1.577E6	1.688E6	1.211E6	9.040E5	4.633E5	7.442E6	
14828	39.13	3.479E5	8.541E5	1.370E6	1.007E6	7.160E5	4.634E5	2.487E5	5.007E6	
14851	39.18	6.065E5	1.681E6	2.007E6	1.888E6	1.654E6	8.913E5	5.565E5	9.286E6	
14874	39.23	8.282E5	2.613E6	3.359E6	3.312E6	2.274E6	1.113E6	8.729E5	1.437E7	
14897	39.28	7.665E5	1.677E6	2.192E6	1.908E6	1.650E6	9.593E5	6.315E5	9.785E6	
14920	39.33	5.821E4	7.162E5	6.379E5	8.067E5	4.249E5	3.717E5	1.599E5	3.176E6	
14943	39.38	0.000E0	9.406E4	1.508E5	1.454E5	2.211E5	9.302E4	0.000E0	7.044E5	
Merge	Area	3.595E6	1.002E7	1.317E7	1.239E7	9.405E6	5.165E6	3.322E6	2.857E6	

CNTAAPMWLNGTHPSSDEGIVSR 1,Carbamidomethyl(+57.0215);	Hex(6)HexNAc(5)NeuAc(1)Fuc(1)	P07911@232;
CNTAAPMWLNGTHPSSDEGIVSR 1,Carbamidomethyl(+57.0215);	Hex(6)HexNAc(5)NeuAc(1)Fuc(1)	P07911@232;
CNTAAPMWLNGTHPSSDEGIVSR 1,Carbamidomethyl(+57.0215);	Hex(6)HexNAc(5)NeuAc(1)Fuc(1)	P07911@232;	+4
Theo	 Int 	30.74	74.93	100.00	95.35	71.66	44.95	24.35	
Scan	 RT 	1232.01	1232.26	1232.51	1232.76	1233.01	1233.26	1233.51	SumIntensity
13835	36.96	0.000E0	1.163E5	9.709E4	0.000E0	0.000E0	0.000E0	0.000E0	2.134E5	
13858	37.01	0.000E0	3.191E5	3.371E5	6.136E5	5.518E5	1.835E5	0.000E0	2.005E6	
13881	37.06	0.000E0	0.000E0	8.658E5	3.664E5	4.038E5	2.643E5	1.242E5	2.025E6	
13904	37.11	2.043E5	5.170E5	7.652E5	8.700E5	4.787E5	1.240E5	0.000E0	2.959E6	
13925	37.16	1.239E5	3.194E5	3.448E5	2.756E5	0.000E0	0.000E0	0.000E0	1.064E6	
13948	37.20	0.000E0	0.000E0	1.242E5	0.000E0	0.000E0	0.000E0	0.000E0	1.242E5	
Merge	Area	3.282E5	1.272E6	2.534E6	2.126E6	1.434E6	5.718E5	1.242E5	4.028E5	

CNTAAPMWLNGTHPSSDEGIVSR 1,Carbamidomethyl(+57.0215);	Hex(5)HexNAc(5)NeuAc(2)Fuc(1)	P07911@232;
CNTAAPMWLNGTHPSSDEGIVSR 1,Carbamidomethyl(+57.0215);	Hex(5)HexNAc(5)NeuAc(2)Fuc(1)	P07911@232;
CNTAAPMWLNGTHPSSDEGIVSR 1,Carbamidomethyl(+57.0215);	Hex(5)HexNAc(5)NeuAc(2)Fuc(1)	P07911@232;	+3
Theo	 Int 	29.39	73.43	100.00	97.08	74.13	47.17	25.90	
Scan	 RT 	1685.35	1685.69	1686.02	1686.36	1686.69	1687.02	1687.36	SumIntensity
14828	39.13	0.000E0	0.000E0	1.123E5	1.364E5	0.000E0	0.000E0	0.000E0	2.486E5	
14851	39.18	1.522E5	3.706E5	3.202E5	4.090E5	2.957E5	2.844E5	1.675E5	2.000E6	
14874	39.23	1.501E5	5.396E5	8.779E5	9.233E5	6.276E5	5.610E5	1.391E5	3.819E6	
14897	39.28	1.445E5	4.958E5	7.355E5	5.631E5	4.857E5	3.008E5	1.960E5	2.921E6	
14920	39.33	1.477E5	0.000E0	1.896E5	2.900E5	2.285E5	2.445E5	8.567E4	1.186E6	
14943	39.38	0.000E0	1.647E5	1.237E5	3.310E5	1.320E5	0.000E0	0.000E0	7.515E5	
Merge	Area	5.944E5	1.571E6	2.359E6	2.653E6	1.769E6	1.391E6	5.884E5	5.263E5	

CNTAAPMWLNGTHPSSDEGIVSR 1,Carbamidomethyl(+57.0215);	Hex(6)HexNAc(5)NeuAc(2)Fuc(1)	P07911@232;
CNTAAPMWLNGTHPSSDEGIVSR 1,Carbamidomethyl(+57.0215);	Hex(6)HexNAc(5)NeuAc(2)Fuc(1)	P07911@232;
CNTAAPMWLNGTHPSSDEGIVSR 1,Carbamidomethyl(+57.0215);	Hex(6)HexNAc(5)NeuAc(2)Fuc(1)	P07911@232;	+4
Theo	 Int 	27.80	71.38	100.00	99.86	79.01	52.26	29.90	
Scan	 RT 	1304.78	1305.03	1305.28	1305.53	1305.78	1306.03	1306.28	SumIntensity
14598	38.63	9.723E4	1.594E5	7.786E4	0.000E0	1.674E5	0.000E0	0.000E0	5.019E5	
14621	38.68	1.568E5	3.546E5	5.868E5	5.490E5	2.958E5	2.256E5	2.098E5	2.378E6	
14644	38.73	3.431E5	7.916E5	1.047E6	1.199E6	7.891E5	4.405E5	4.066E5	5.017E6	
14667	38.78	3.142E5	7.983E5	1.391E6	1.244E6	1.065E6	6.657E5	2.845E5	5.763E6	
14690	38.83	2.387E5	7.948E5	1.091E6	1.012E6	6.345E5	4.411E5	2.595E5	4.472E6	
14713	38.88	2.524E5	4.107E5	5.455E5	8.376E5	4.701E5	2.330E5	2.850E5	3.034E6	
14736	38.93	2.758E5	2.029E5	2.606E5	2.746E5	2.355E5	2.004E5	1.201E5	1.570E6	
14759	38.98	7.993E4	1.422E5	1.985E5	2.815E5	1.445E5	8.049E4	0.000E0	9.271E5	
Merge	Area	1.758E6	3.655E6	5.199E6	5.398E6	3.802E6	2.287E6	1.565E6	1.157E6	

CNTAAPMWLNGTHPSSDEGIVSR 1,Carbamidomethyl(+57.0215);	Hex(6)HexNAc(5)NeuAc(3)Fuc(1)	P07911@232;
CNTAAPMWLNGTHPSSDEGIVSR 1,Carbamidomethyl(+57.0215);	Hex(6)HexNAc(5)NeuAc(3)Fuc(1)	P07911@232;
CNTAAPMWLNGTHPSSDEGIVSR 1,Carbamidomethyl(+57.0215);	Hex(6)HexNAc(5)NeuAc(3)Fuc(1)	P07911@232;	+3
Theo	 Int 	24.44	65.92	96.37	100.00	81.99	56.06	33.10	
Scan	 RT 	1836.40	1836.74	1837.07	1837.40	1837.74	1838.07	1838.41	SumIntensity
15338	40.26	0.000E0	0.000E0	2.424E5	0.000E0	0.000E0	0.000E0	0.000E0	2.424E5	
15360	40.31	0.000E0	1.731E5	3.472E5	3.189E5	2.787E5	2.227E5	0.000E0	1.341E6	
15380	40.35	0.000E0	1.616E5	3.634E5	2.440E5	3.040E5	0.000E0	0.000E0	1.073E6	
15400	40.39	0.000E0	3.822E5	0.000E0	3.982E5	3.850E5	0.000E0	0.000E0	1.166E6	
15420	40.44	0.000E0	3.469E5	7.396E5	6.910E5	5.303E5	0.000E0	3.152E5	2.623E6	
15443	40.49	0.000E0	2.877E5	4.963E5	8.873E5	7.498E5	4.148E5	3.071E5	3.143E6	
15457	40.52	0.000E0	7.231E5	7.564E5	7.992E5	4.811E5	2.411E5	1.399E5	3.141E6	
15472	40.56	2.066E5	7.925E5	8.160E5	1.177E6	7.053E5	5.507E5	4.222E5	4.670E6	
15494	40.60	2.376E5	7.918E5	1.271E6	9.955E5	8.251E5	5.473E5	2.668E5	4.935E6	
15516	40.65	3.393E5	7.224E5	1.117E6	1.082E6	9.244E5	7.031E5	3.735E5	5.262E6	
15538	40.70	2.569E5	7.373E5	9.818E5	9.824E5	4.025E5	6.154E5	2.925E5	4.269E6	
15560	40.75	2.037E5	4.605E5	6.890E5	7.329E5	6.640E5	4.328E5	3.223E5	3.505E6	
15583	40.80	0.000E0	2.148E5	4.528E5	6.493E5	4.769E5	3.796E5	2.568E5	2.430E6	
15606	40.85	1.511E5	2.055E5	4.510E5	3.465E5	1.989E5	1.563E5	0.000E0	1.509E6	
15629	40.90	0.000E0	1.435E5	3.551E5	2.385E5	2.050E5	1.493E5	0.000E0	1.091E6	
15652	40.95	0.000E0	0.000E0	0.000E0	1.406E5	1.461E5	0.000E0	0.000E0	2.867E5	
Merge	Area	1.395E6	6.143E6	9.079E6	9.684E6	7.277E6	4.413E6	2.696E6	1.865E6	
CNTAAPMWLNGTHPSSDEGIVSR 1,Carbamidomethyl(+57.0215);	Hex(6)HexNAc(5)NeuAc(3)Fuc(1)	P07911@232;	+4
Theo	 Int 	24.44	65.92	96.37	100.00	81.99	56.06	33.10	
Scan	 RT 	1377.55	1377.80	1378.05	1378.31	1378.56	1378.81	1379.06	SumIntensity
15323	40.22	1.630E5	0.000E0	0.000E0	5.628E5	3.055E5	2.277E5	0.000E0	1.259E6	
15338	40.26	0.000E0	1.818E5	5.705E5	0.000E0	2.866E5	0.000E0	0.000E0	1.039E6	
15360	40.31	0.000E0	5.819E5	6.575E5	7.308E5	3.482E5	4.088E5	0.000E0	2.727E6	
15380	40.35	3.578E5	5.663E5	1.065E6	7.297E5	4.945E5	4.398E5	2.027E5	3.856E6	
15400	40.39	2.179E5	9.935E5	7.395E5	1.079E6	7.537E5	6.879E5	6.836E5	5.155E6	
15420	40.44	0.000E0	1.039E6	8.937E5	1.796E6	1.295E6	8.372E5	0.000E0	5.861E6	
15443	40.49	7.114E5	1.411E6	1.870E6	2.002E6	2.483E6	1.140E6	8.714E5	1.049E7	
15457	40.52	6.547E5	1.529E6	3.259E6	2.828E6	1.714E6	1.528E6	4.869E5	1.200E7	
15472	40.56	1.087E6	2.324E6	4.089E6	3.719E6	2.710E6	2.194E6	8.739E5	1.700E7	
15494	40.60	1.244E6	3.192E6	4.984E6	4.865E6	3.590E6	2.946E6	1.574E6	2.240E7	
15516	40.65	1.268E6	3.928E6	4.242E6	5.516E6	4.153E6	2.734E6	1.726E6	2.357E7	
15538	40.70	1.047E6	2.951E6	4.653E6	4.497E6	4.095E6	2.256E6	1.651E6	2.115E7	
15560	40.75	7.727E5	2.218E6	2.782E6	3.594E6	2.862E6	1.625E6	9.277E5	1.478E7	
15583	40.80	6.804E5	1.670E6	2.595E6	2.700E6	1.951E6	1.402E6	9.621E5	1.196E7	
15606	40.85	4.896E5	1.179E6	1.044E6	1.689E6	1.387E6	1.014E6	5.018E5	7.304E6	
15629	40.90	1.761E5	6.753E5	1.055E6	9.551E5	1.063E6	5.908E5	3.915E5	4.906E6	
15652	40.95	1.271E5	2.706E5	4.060E5	5.218E5	4.515E5	4.031E5	2.601E5	2.440E6	
Merge	Area	8.998E6	2.471E7	3.490E7	3.779E7	2.994E7	2.044E7	1.111E7	7.717E6	

CNTAAPMWLNGTHPSSDEGIVSR 1,Carbamidomethyl(+57.0215);	Hex(5)HexNAc(6)NeuAc(3)Fuc(1)	P07911@232;
CNTAAPMWLNGTHPSSDEGIVSR 1,Carbamidomethyl(+57.0215);	Hex(5)HexNAc(6)NeuAc(3)Fuc(1)	P07911@232;
CNTAAPMWLNGTHPSSDEGIVSR 1,Carbamidomethyl(+57.0215);	Hex(5)HexNAc(6)NeuAc(3)Fuc(1)	P07911@232;	+4
Theo	 Int 	23.89	65.07	95.81	100.00	82.39	56.56	33.52	
Scan	 RT 	1387.81	1388.06	1388.31	1388.56	1388.81	1389.06	1389.31	SumIntensity
15443	40.49	0.000E0	0.000E0	4.439E5	1.758E5	0.000E0	0.000E0	0.000E0	6.197E5	
15457	40.52	2.391E5	0.000E0	2.337E5	0.000E0	0.000E0	0.000E0	0.000E0	4.728E5	
15472	40.56	0.000E0	1.791E5	1.775E5	3.100E5	1.557E5	2.414E5	0.000E0	1.064E6	
15494	40.60	0.000E0	2.681E5	2.907E5	2.537E5	3.010E5	2.447E5	0.000E0	1.358E6	
15516	40.65	2.108E5	1.910E5	4.734E5	3.152E5	2.200E5	3.030E5	9.919E4	1.813E6	
15538	40.70	0.000E0	2.284E5	5.862E5	5.840E5	4.788E5	2.954E5	2.120E5	2.385E6	
15560	40.75	9.851E4	2.644E5	2.417E5	4.386E5	4.184E5	2.728E5	1.843E5	1.919E6	
15583	40.80	2.085E5	1.903E5	4.370E5	1.672E5	3.118E5	1.759E5	0.000E0	1.491E6	
15606	40.85	0.000E0	2.081E5	1.076E5	2.275E5	2.326E5	0.000E0	0.000E0	7.758E5	
15629	40.90	0.000E0	0.000E0	0.000E0	0.000E0	0.000E0	0.000E0	9.648E4	9.648E4	
Merge	Area	7.569E5	1.529E6	2.992E6	2.472E6	2.118E6	1.533E6	5.919E5	5.555E5	

CNTAAPMWLNGTHPSSDEGIVSR 1,Carbamidomethyl(+57.0215);	Hex(7)HexNAc(6)NeuAc(4)Fuc(1)	P07911@232;
CNTAAPMWLNGTHPSSDEGIVSR 1,Carbamidomethyl(+57.0215);	Hex(7)HexNAc(6)NeuAc(4)Fuc(1)	P07911@232;
CNTAAPMWLNGTHPSSDEGIVSR 1,Carbamidomethyl(+57.0215);	Hex(7)HexNAc(6)NeuAc(4)Fuc(1)	P07911@232;	+4
Theo	 Int 	17.88	53.84	87.26	100.00	90.22	67.37	43.20	
Scan	 RT 	1541.61	1541.86	1542.11	1542.36	1542.61	1542.86	1543.11	SumIntensity
16109	41.95	0.000E0	0.000E0	0.000E0	1.236E5	0.000E0	2.452E5	0.000E0	3.688E5	
16132	42.00	8.505E4	2.509E5	2.134E5	2.957E5	2.747E5	0.000E0	1.282E5	1.248E6	
16155	42.05	0.000E0	2.635E5	4.089E5	4.347E5	3.559E5	3.059E5	1.735E5	1.942E6	
16178	42.10	2.348E5	5.030E5	1.096E6	7.098E5	6.748E5	8.784E5	5.351E5	4.632E6	
16201	42.15	4.673E5	1.134E6	1.472E6	1.606E6	2.167E6	8.285E5	6.990E5	8.374E6	
16224	42.20	6.938E5	1.853E6	2.856E6	2.639E6	2.091E6	2.120E6	1.276E6	1.353E7	
16247	42.26	5.867E5	2.004E6	3.053E6	3.215E6	3.398E6	2.481E6	1.706E6	1.644E7	
16270	42.31	1.090E6	2.663E6	4.368E6	5.247E6	4.168E6	2.744E6	2.094E6	2.238E7	
16293	42.36	9.257E5	3.280E6	5.986E6	5.603E6	6.196E6	4.250E6	2.608E6	2.885E7	
16316	42.41	1.345E6	3.311E6	4.783E6	4.768E6	4.798E6	3.909E6	2.614E6	2.553E7	
16339	42.46	1.041E6	3.400E6	4.445E6	5.087E6	4.184E6	2.931E6	2.285E6	2.337E7	
16362	42.51	8.041E5	2.851E6	4.239E6	5.418E6	3.906E6	3.166E6	2.336E6	2.272E7	
16386	42.56	6.790E5	2.220E6	3.043E6	3.358E6	3.356E6	2.218E6	1.430E6	1.630E7	
16409	42.61	4.978E5	1.271E6	2.508E6	2.536E6	2.257E6	1.429E6	1.051E6	1.155E7	
16432	42.66	3.992E5	8.340E5	1.882E6	2.975E6	1.754E6	1.258E6	8.843E5	9.987E6	
16455	42.71	0.000E0	8.462E5	1.163E6	1.668E6	1.473E6	7.297E5	7.928E5	6.672E6	
16478	42.76	1.778E5	5.648E5	7.796E5	1.096E6	9.540E5	8.531E5	4.379E5	4.864E6	
16501	42.81	1.587E5	0.000E0	5.412E5	6.082E5	3.732E5	4.320E5	4.975E5	2.611E6	
Merge	Area	9.186E6	2.725E7	4.284E7	4.739E7	4.238E7	3.078E7	2.155E7	1.107E7	
CNTAAPMWLNGTHPSSDEGIVSR 1,Carbamidomethyl(+57.0215);	Hex(7)HexNAc(6)NeuAc(4)Fuc(1)	P07911@232;	+5
Theo	 Int 	17.88	53.84	87.26	100.00	90.22	67.37	43.20	
Scan	 RT 	1233.49	1233.69	1233.89	1234.09	1234.29	1234.49	1234.69	SumIntensity
16132	42.00	0.000E0	0.000E0	0.000E0	0.000E0	0.000E0	1.484E5	0.000E0	1.484E5	
16155	42.05	0.000E0	8.017E4	0.000E0	2.233E5	0.000E0	0.000E0	1.649E5	4.683E5	
16178	42.10	0.000E0	9.834E4	2.007E5	4.250E5	6.996E4	2.127E5	0.000E0	1.007E6	
16201	42.15	0.000E0	0.000E0	6.302E5	4.142E5	2.706E5	3.361E5	1.013E5	1.752E6	
16224	42.20	2.119E5	4.149E5	8.198E5	7.970E5	1.010E6	5.114E5	1.601E5	3.925E6	
16247	42.26	0.000E0	4.072E5	5.673E5	8.655E5	7.736E5	6.041E5	2.358E5	3.454E6	
16270	42.31	0.000E0	8.958E5	1.592E6	9.763E5	1.175E6	1.091E6	3.952E5	6.125E6	
16293	42.36	0.000E0	8.823E5	1.804E6	1.459E6	1.021E6	1.073E6	7.199E5	6.959E6	
16316	42.41	0.000E0	9.017E5	1.502E6	1.600E6	9.440E5	8.008E5	6.182E5	6.366E6	
16339	42.46	0.000E0	9.216E5	8.663E5	1.037E6	1.369E6	1.129E6	6.400E5	5.963E6	
16362	42.51	2.705E5	6.760E5	9.370E5	1.155E6	1.104E6	4.387E5	3.422E5	4.923E6	
16386	42.56	0.000E0	8.228E5	7.509E5	1.220E6	1.012E6	6.915E5	5.246E5	5.021E6	
16409	42.61	4.737E5	3.563E5	4.307E5	6.376E5	7.603E5	3.623E5	2.253E5	3.246E6	
16432	42.66	2.953E5	2.132E5	4.641E5	4.849E5	3.097E5	3.030E5	1.744E5	2.245E6	
16455	42.71	2.838E5	2.641E5	3.229E5	2.742E5	3.038E5	3.038E5	1.481E5	1.901E6	
16478	42.76	0.000E0	2.078E5	2.180E5	2.761E5	4.101E5	0.000E0	2.512E5	1.363E6	
Merge	Area	1.535E6	7.142E6	1.111E7	1.184E7	1.053E7	8.005E6	4.701E6	2.726E6	

CNTAAPMWLNGTHPSSDEGIVSR 1,Carbamidomethyl(+57.0215);	Hex(10)HexNAc(7)NeuAc(1)Fuc(3)	P07911@232;
CNTAAPMWLNGTHPSSDEGIVSR 1,Carbamidomethyl(+57.0215);	Hex(10)HexNAc(7)NeuAc(1)Fuc(3)	P07911@232;
CNTAAPMWLNGTHPSSDEGIVSR 1,Carbamidomethyl(+57.0215);	Hex(10)HexNAc(7)NeuAc(1)Fuc(3)	P07911@232;	+4
Theo	 Int 	17.12	52.38	86.13	100.00	91.32	68.93	44.64	
Scan	 RT 	1568.63	1568.88	1569.13	1569.38	1569.63	1569.88	1570.13	SumIntensity
16293	42.36	0.000E0	0.000E0	0.000E0	0.000E0	2.526E5	0.000E0	0.000E0	2.526E5	
16316	42.41	0.000E0	0.000E0	2.612E5	0.000E0	1.792E5	0.000E0	1.093E5	5.497E5	
16339	42.46	1.961E5	0.000E0	3.394E5	3.267E5	1.440E5	0.000E0	0.000E0	1.006E6	
16362	42.51	2.924E5	2.769E5	1.578E5	1.296E5	3.470E5	0.000E0	0.000E0	1.204E6	
16386	42.56	2.143E5	1.214E5	0.000E0	0.000E0	4.567E5	0.000E0	0.000E0	7.923E5	
16409	42.61	1.560E5	0.000E0	0.000E0	1.193E5	1.840E5	0.000E0	0.000E0	4.593E5	
16432	42.66	0.000E0	0.000E0	2.104E5	0.000E0	2.291E5	0.000E0	2.203E5	6.597E5	
16455	42.71	2.490E5	0.000E0	3.681E5	3.136E5	1.866E5	1.881E5	0.000E0	1.305E6	
16478	42.76	1.706E5	0.000E0	0.000E0	0.000E0	1.293E5	0.000E0	0.000E0	2.999E5	
16501	42.81	0.000E0	1.397E5	1.603E5	0.000E0	0.000E0	0.000E0	1.441E5	4.441E5	
16524	42.86	3.478E5	3.789E5	3.349E5	3.303E5	4.249E5	0.000E0	0.000E0	1.817E6	
16547	42.91	0.000E0	0.000E0	5.539E5	3.893E5	4.233E5	2.754E5	0.000E0	1.642E6	
16570	42.96	1.796E5	0.000E0	4.358E5	3.793E5	5.364E5	0.000E0	0.000E0	1.531E6	
16590	43.00	0.000E0	3.183E5	1.958E5	0.000E0	5.686E5	0.000E0	0.000E0	1.083E6	
16613	43.05	0.000E0	0.000E0	0.000E0	0.000E0	5.779E5	0.000E0	0.000E0	5.779E5	
16636	43.10	1.984E5	0.000E0	0.000E0	0.000E0	4.089E5	0.000E0	0.000E0	6.073E5	
16659	43.15	0.000E0	0.000E0	0.000E0	0.000E0	2.912E5	0.000E0	0.000E0	2.912E5	
Merge	Area	2.004E6	1.235E6	3.017E6	1.988E6	5.340E6	4.635E5	4.738E5	7.034E5	

CNTAAPMWLNGTHPSSDEGIVSR 1,Carbamidomethyl(+57.0215);	Hex(4)HexNAc(4)NeuAc(1)+283.03	P07911@232;
CNTAAPMWLNGTHPSSDEGIVSR 1,Carbamidomethyl(+57.0215);	Hex(4)HexNAc(4)NeuAc(1)+283.03	P07911@232;
CNTAAPMWLNGTHPSSDEGIVSR 1,Carbamidomethyl(+57.0215);	Hex(4)HexNAc(4)NeuAc(1)+283.03	P07911@232;	+3
Theo	 Int 	39.72	84.84	100.00	84.63	56.93	32.16	10.54	
Scan	 RT 	1512.27	1512.60	1512.94	1513.27	1513.60	1513.94	1514.27	SumIntensity
15323	40.22	3.372E5	2.933E5	5.794E5	6.837E5	5.007E5	2.734E5	2.573E5	2.925E6	
15338	40.26	4.892E5	1.331E6	1.913E6	1.483E6	8.998E5	4.092E5	3.941E5	6.920E6	
15360	40.31	1.053E6	3.199E6	2.928E6	3.371E6	2.787E6	1.549E6	5.935E5	1.548E7	
15380	40.35	1.709E6	4.123E6	5.644E6	4.260E6	2.824E6	2.301E6	1.310E6	2.217E7	
15400	40.39	1.137E6	2.661E6	3.802E6	3.311E6	2.121E6	1.731E6	7.321E5	1.550E7	
15420	40.44	1.236E6	3.875E6	4.924E6	4.064E6	2.224E6	1.809E6	1.031E6	1.916E7	
15443	40.49	2.241E6	3.877E6	4.984E6	3.887E6	3.399E6	1.687E6	6.595E5	2.073E7	
15457	40.52	9.953E5	2.471E6	3.075E6	3.143E6	2.103E6	1.752E6	5.457E5	1.408E7	
15472	40.56	9.996E5	2.781E6	3.494E6	2.875E6	1.734E6	1.235E6	6.431E5	1.376E7	
15494	40.60	6.199E5	1.916E6	2.317E6	1.601E6	1.838E6	7.646E5	2.516E5	9.308E6	
15516	40.65	8.624E5	1.952E6	2.383E6	2.042E6	1.611E6	6.831E5	5.758E5	1.011E7	
15538	40.70	5.516E5	9.949E5	1.214E6	1.146E6	1.007E6	6.406E5	3.033E5	5.857E6	
15560	40.75	1.261E5	6.235E5	8.034E5	5.456E5	4.621E5	2.172E5	2.016E5	2.979E6	
Merge	Area	1.236E7	3.010E7	3.806E7	3.241E7	2.351E7	1.505E7	7.499E6	6.835E6	
CNTAAPMWLNGTHPSSDEGIVSR 1,Carbamidomethyl(+57.0215);	Hex(4)HexNAc(4)NeuAc(1)+283.03	P07911@232;	+3
Theo	 Int 	39.72	84.84	100.00	84.63	56.93	32.16	10.54	
Scan	 RT 	1512.26	1512.60	1512.93	1513.27	1513.60	1513.94	1514.27	SumIntensity
15883	41.46	0.000E0	0.000E0	0.000E0	0.000E0	1.253E5	0.000E0	0.000E0	1.253E5	
15906	41.51	1.159E5	1.791E5	1.227E5	2.252E5	1.837E5	0.000E0	0.000E0	8.265E5	
15925	41.55	0.000E0	0.000E0	1.931E5	1.216E5	1.635E5	0.000E0	0.000E0	4.782E5	
15948	41.60	0.000E0	0.000E0	0.000E0	1.574E5	2.245E5	0.000E0	0.000E0	3.818E5	
15971	41.65	0.000E0	8.086E4	1.241E5	8.207E4	2.200E5	0.000E0	0.000E0	5.070E5	
15994	41.70	0.000E0	1.305E5	1.764E5	1.545E5	1.797E5	0.000E0	0.000E0	6.411E5	
16017	41.75	0.000E0	0.000E0	0.000E0	1.746E5	1.415E5	0.000E0	0.000E0	3.161E5	
16040	41.80	0.000E0	1.620E5	0.000E0	2.488E5	1.359E5	0.000E0	0.000E0	5.467E5	
16063	41.85	0.000E0	2.642E5	2.331E5	3.007E5	1.398E5	0.000E0	1.082E5	1.046E6	
16086	41.90	1.613E5	2.056E5	1.993E5	4.185E5	4.645E5	1.620E5	0.000E0	1.611E6	
16109	41.95	1.445E5	6.283E5	4.329E5	2.306E5	4.326E5	1.597E5	0.000E0	2.029E6	
16132	42.00	1.588E5	3.797E5	4.486E5	4.616E5	2.892E5	0.000E0	0.000E0	1.738E6	
16155	42.05	1.589E5	2.770E5	3.632E5	4.948E5	3.102E5	1.390E5	1.179E5	1.861E6	
16178	42.10	9.809E4	2.790E5	4.751E5	3.239E5	2.433E5	1.257E5	0.000E0	1.545E6	
16201	42.15	0.000E0	2.485E5	4.103E5	2.056E5	2.718E5	0.000E0	0.000E0	1.136E6	
16224	42.20	2.588E5	3.954E5	2.230E5	3.565E5	1.647E5	0.000E0	0.000E0	1.398E6	
16247	42.26	0.000E0	2.681E5	3.099E5	2.453E5	1.753E5	0.000E0	6.498E4	1.064E6	
16270	42.31	0.000E0	1.938E5	1.833E5	1.965E5	2.243E5	0.000E0	0.000E0	7.979E5	
16293	42.36	0.000E0	0.000E0	2.037E5	0.000E0	0.000E0	0.000E0	0.000E0	2.037E5	
Merge	Area	1.096E6	3.692E6	4.099E6	4.398E6	4.090E6	5.863E5	2.912E5	9.047E5	
CNTAAPMWLNGTHPSSDEGIVSR 1,Carbamidomethyl(+57.0215);	Hex(4)HexNAc(4)NeuAc(1)+283.03	P07911@232;	+4
Theo	 Int 	39.72	84.84	100.00	84.63	56.93	32.16	10.54	
Scan	 RT 	1134.45	1134.70	1134.95	1135.20	1135.46	1135.71	1135.96	SumIntensity
15338	40.26	5.491E5	5.634E5	6.311E5	3.014E5	5.088E5	0.000E0	0.000E0	2.554E6	
15360	40.31	9.324E5	1.406E6	1.737E6	1.576E6	1.487E6	4.836E5	3.079E5	7.930E6	
15380	40.35	1.165E6	1.994E6	2.900E6	2.519E6	1.950E6	1.245E6	5.958E5	1.237E7	
15400	40.39	6.454E5	1.990E6	1.992E6	1.914E6	1.538E6	1.264E6	3.321E5	9.675E6	
15420	40.44	9.733E5	1.807E6	2.463E6	1.714E6	2.116E6	1.539E6	9.280E5	1.154E7	
15443	40.49	1.112E6	2.798E6	3.321E6	2.440E6	2.813E6	1.607E6	5.791E5	1.467E7	
15457	40.52	1.257E6	2.325E6	2.527E6	2.634E6	2.204E6	7.068E5	3.907E5	1.204E7	
15472	40.56	7.854E5	1.712E6	1.563E6	2.159E6	1.205E6	9.005E5	5.166E5	8.842E6	
15494	40.60	6.043E5	1.500E6	1.652E6	1.497E6	1.535E6	4.681E5	2.137E5	7.470E6	
15516	40.65	7.900E5	1.290E6	1.416E6	1.386E6	1.088E6	6.539E5	3.060E5	6.931E6	
15538	40.70	3.600E5	8.709E5	1.058E6	8.097E5	6.700E5	4.990E5	1.996E5	4.468E6	
15560	40.75	2.590E5	3.247E5	5.431E5	4.774E5	3.190E5	3.131E5	0.000E0	2.236E6	
Merge	Area	9.433E6	1.858E7	2.180E7	1.943E7	1.743E7	9.679E6	4.370E6	4.303E6	

CNTAAPMWLNGTHPSSDEGIVSR 1,Carbamidomethyl(+57.0215);7,Oxidation(+15.9949);	Hex(5)HexNAc(4)NeuAc(2)	P07911@232;
CNTAAPMWLNGTHPSSDEGIVSR 1,Carbamidomethyl(+57.0215);7,Oxidation(+15.9949);	Hex(5)HexNAc(4)NeuAc(2)	P07911@232;
CNTAAPMWLNGTHPSSDEGIVSR 1,Carbamidomethyl(+57.0215);7,Oxidation(+15.9949);	Hex(5)HexNAc(4)NeuAc(2)	P07911@232;	+4
Theo	 Int 	33.46	78.13	100.00	91.44	66.14	40.03	20.98	
Scan	 RT 	1180.98	1181.23	1181.48	1181.73	1181.98	1182.23	1182.48	SumIntensity
13948	37.20	0.000E0	0.000E0	0.000E0	0.000E0	2.266E5	0.000E0	0.000E0	2.266E5	
13971	37.26	0.000E0	0.000E0	9.581E4	1.132E5	0.000E0	1.889E5	0.000E0	3.979E5	
13994	37.30	1.443E5	2.226E5	3.288E5	2.842E5	2.581E5	1.897E5	0.000E0	1.428E6	
14017	37.36	2.144E5	2.933E5	1.456E5	2.858E5	1.760E5	3.123E5	0.000E0	1.427E6	
14040	37.41	2.387E5	6.743E5	9.029E5	6.596E5	3.397E5	0.000E0	0.000E0	2.815E6	
14063	37.46	3.091E5	3.427E5	6.231E5	5.545E5	4.806E5	4.068E5	0.000E0	2.717E6	
14086	37.51	5.362E5	7.917E5	7.412E5	9.752E5	9.961E5	6.573E5	2.234E5	4.921E6	
14109	37.56	4.887E5	6.714E5	1.340E6	8.309E5	8.161E5	6.408E5	0.000E0	4.788E6	
14132	37.61	4.143E5	9.059E5	1.345E6	8.205E5	5.918E5	5.335E5	0.000E0	4.611E6	
14152	37.65	3.537E5	7.370E5	1.013E6	1.139E6	6.778E5	4.842E5	2.488E5	4.654E6	
14175	37.70	1.739E5	9.768E5	7.140E5	7.900E5	4.217E5	4.449E5	2.630E5	3.784E6	
14193	37.74	2.346E5	4.563E5	8.233E5	9.270E5	5.749E5	3.246E5	1.084E5	3.449E6	
14216	37.79	1.645E5	2.305E5	6.582E5	3.713E5	2.052E5	1.994E5	0.000E0	1.829E6	
14239	37.84	0.000E0	2.661E5	3.312E5	1.237E5	2.190E5	1.960E5	1.763E5	1.312E6	
14262	37.89	0.000E0	4.215E5	1.644E5	2.675E5	3.679E5	0.000E0	0.000E0	1.221E6	
14285	37.94	1.602E5	2.330E5	2.010E5	3.428E5	3.983E5	0.000E0	0.000E0	1.335E6	
14307	37.99	0.000E0	1.921E5	2.197E5	2.354E5	2.131E5	0.000E0	0.000E0	8.603E5	
14330	38.04	0.000E0	1.434E5	2.189E5	2.099E5	1.660E5	1.323E5	6.759E4	9.381E5	
14353	38.09	7.673E4	0.000E0	1.519E5	1.493E5	1.647E5	1.449E5	0.000E0	6.875E5	
Merge	Area	3.509E6	7.559E6	1.002E7	9.080E6	7.294E6	4.856E6	1.087E6	2.091E6	

CNTAAPMWLNGTHPSSDEGIVSR 1,Carbamidomethyl(+57.0215);7,Oxidation(+15.9949);	Hex(4)HexNAc(5)NeuAc(2)	P07911@232;
CNTAAPMWLNGTHPSSDEGIVSR 1,Carbamidomethyl(+57.0215);7,Oxidation(+15.9949);	Hex(4)HexNAc(5)NeuAc(2)	P07911@232;
CNTAAPMWLNGTHPSSDEGIVSR 1,Carbamidomethyl(+57.0215);7,Oxidation(+15.9949);	Hex(4)HexNAc(5)NeuAc(2)	P07911@232;	+4
Theo	 Int 	32.69	77.19	100.00	92.45	67.53	41.22	21.76	
Scan	 RT 	1191.24	1191.49	1191.74	1191.99	1192.24	1192.49	1192.74	SumIntensity
14017	37.36	0.000E0	1.491E5	2.529E5	0.000E0	1.511E5	0.000E0	0.000E0	5.531E5	
14040	37.41	0.000E0	2.279E5	4.269E5	3.725E5	4.439E5	0.000E0	0.000E0	1.471E6	
14063	37.46	3.740E5	3.464E5	4.302E5	7.182E5	5.100E5	3.664E5	0.000E0	2.745E6	
14086	37.51	4.128E5	5.378E5	1.101E6	8.295E5	8.217E5	3.853E5	0.000E0	4.088E6	
14109	37.56	4.519E5	1.060E6	1.170E6	6.300E5	6.166E5	2.579E5	0.000E0	4.187E6	
14132	37.61	3.203E5	7.038E5	9.526E5	1.129E6	1.035E6	3.437E5	3.478E5	4.832E6	
14152	37.65	5.319E5	8.029E5	1.323E6	6.619E5	1.130E6	5.284E5	1.487E5	5.127E6	
14175	37.70	2.903E5	8.583E5	8.598E5	7.752E5	5.782E5	3.566E5	2.157E5	3.934E6	
14193	37.74	2.986E5	6.369E5	7.459E5	7.528E5	4.307E5	3.666E5	1.874E5	3.419E6	
14216	37.79	7.605E4	4.488E5	5.096E5	6.127E5	4.093E5	1.341E5	0.000E0	2.191E6	
14239	37.84	9.571E4	1.841E5	4.040E5	5.572E5	1.990E5	0.000E0	0.000E0	1.440E6	
14262	37.89	0.000E0	2.645E5	4.523E5	3.609E5	0.000E0	1.837E5	0.000E0	1.261E6	
14285	37.94	7.215E4	2.702E5	1.286E5	2.388E5	1.588E5	1.270E5	1.007E5	1.096E6	
14307	37.99	0.000E0	1.679E5	2.330E5	1.664E5	1.180E5	9.683E4	0.000E0	7.820E5	
14330	38.04	6.235E4	1.120E5	2.946E5	2.881E5	1.982E5	6.457E4	0.000E0	1.020E6	
14353	38.09	0.000E0	1.335E5	2.144E5	8.669E4	1.604E5	0.000E0	0.000E0	5.950E5	
Merge	Area	2.986E6	6.904E6	9.499E6	8.180E6	6.961E6	3.211E6	1.000E6	1.849E6	

CNTAAPMWLNGTHPSSDEGIVSR 1,Carbamidomethyl(+57.0215);7,Oxidation(+15.9949);	Hex(5)HexNAc(5)NeuAc(2)	P07911@232;
CNTAAPMWLNGTHPSSDEGIVSR 1,Carbamidomethyl(+57.0215);7,Oxidation(+15.9949);	Hex(5)HexNAc(5)NeuAc(2)	P07911@232;
CNTAAPMWLNGTHPSSDEGIVSR 1,Carbamidomethyl(+57.0215);7,Oxidation(+15.9949);	Hex(5)HexNAc(5)NeuAc(2)	P07911@232;	+4
Theo	 Int 	30.90	75.10	100.00	95.17	71.44	44.77	24.24	
Scan	 RT 	1231.75	1232.00	1232.25	1232.50	1232.75	1233.00	1233.25	SumIntensity
14109	37.56	0.000E0	0.000E0	0.000E0	1.426E5	0.000E0	0.000E0	0.000E0	1.426E5	
14132	37.61	0.000E0	3.258E5	3.955E5	3.755E5	1.651E5	1.660E5	1.561E5	1.584E6	
14152	37.65	6.785E4	3.281E5	4.056E5	3.308E5	4.361E5	2.358E5	0.000E0	1.804E6	
14175	37.70	1.006E5	7.585E4	2.296E5	1.889E5	1.618E5	7.417E4	0.000E0	8.309E5	
14193	37.74	0.000E0	2.015E5	1.201E5	2.140E5	1.684E5	1.515E5	7.161E4	9.271E5	
14216	37.79	7.968E4	2.272E5	1.583E5	2.463E5	1.813E5	1.769E5	0.000E0	1.070E6	
14239	37.84	0.000E0	0.000E0	2.513E5	1.847E5	1.084E5	0.000E0	0.000E0	5.445E5	
14262	37.89	0.000E0	0.000E0	1.764E5	0.000E0	0.000E0	0.000E0	1.663E5	3.427E5	
14285	37.94	0.000E0	7.411E4	2.089E5	0.000E0	1.674E5	0.000E0	0.000E0	4.504E5	
14307	37.99	0.000E0	1.109E5	0.000E0	1.497E5	7.245E4	0.000E0	0.000E0	3.330E5	
14330	38.04	0.000E0	1.211E5	1.067E5	6.121E4	0.000E0	0.000E0	9.579E4	3.848E5	
14353	38.09	0.000E0	0.000E0	0.000E0	0.000E0	0.000E0	1.202E5	0.000E0	1.202E5	
Merge	Area	2.482E5	1.464E6	2.052E6	1.894E6	1.461E6	9.246E5	4.898E5	4.028E5	

CNTAAPMWLNGTHPSSDEGIVSR 1,Carbamidomethyl(+57.0215);7,Oxidation(+15.9949);	Hex(6)HexNAc(5)NeuAc(2)	P07911@232;
CNTAAPMWLNGTHPSSDEGIVSR 1,Carbamidomethyl(+57.0215);7,Oxidation(+15.9949);	Hex(6)HexNAc(5)NeuAc(2)	P07911@232;
CNTAAPMWLNGTHPSSDEGIVSR 1,Carbamidomethyl(+57.0215);7,Oxidation(+15.9949);	Hex(6)HexNAc(5)NeuAc(2)	P07911@232;	+4
Theo	 Int 	29.34	73.32	100.00	97.28	74.48	47.54	26.20	
Scan	 RT 	1272.26	1272.51	1272.77	1273.02	1273.27	1273.52	1273.77	SumIntensity
13835	36.96	0.000E0	2.636E5	0.000E0	0.000E0	0.000E0	4.307E5	0.000E0	6.943E5	
13858	37.01	1.147E5	1.793E5	0.000E0	3.503E5	1.380E5	9.923E5	0.000E0	1.775E6	
13881	37.06	1.370E5	1.249E5	1.840E5	1.181E6	0.000E0	1.824E6	0.000E0	3.451E6	
13904	37.11	0.000E0	1.846E5	3.786E5	1.723E6	0.000E0	5.875E6	0.000E0	8.161E6	
13925	37.16	0.000E0	3.250E5	3.005E5	1.582E6	1.634E5	4.818E6	0.000E0	7.189E6	
13948	37.20	9.608E4	2.530E5	4.852E5	1.345E6	1.439E5	3.602E6	0.000E0	5.925E6	
13971	37.26	0.000E0	1.828E5	3.686E5	1.290E6	0.000E0	2.102E6	0.000E0	3.943E6	
13994	37.30	8.143E4	2.794E5	2.277E5	5.086E5	1.118E5	1.887E6	0.000E0	3.096E6	
14017	37.36	0.000E0	2.313E5	1.309E5	3.446E5	2.834E5	6.905E5	0.000E0	1.681E6	
14040	37.41	0.000E0	0.000E0	0.000E0	2.144E5	0.000E0	6.658E5	0.000E0	8.802E5	
Merge	Area	4.292E5	2.024E6	2.076E6	8.538E6	8.406E5	2.289E7	0.000E0	1.771E6	

CNTAAPMWLNGTHPSSDEGIVSR 1,Carbamidomethyl(+57.0215);7,Oxidation(+15.9949);	Hex(6)HexNAc(5)NeuAc(3)	P07911@232;
CNTAAPMWLNGTHPSSDEGIVSR 1,Carbamidomethyl(+57.0215);7,Oxidation(+15.9949);	Hex(6)HexNAc(5)NeuAc(3)	P07911@232;
CNTAAPMWLNGTHPSSDEGIVSR 1,Carbamidomethyl(+57.0215);7,Oxidation(+15.9949);	Hex(6)HexNAc(5)NeuAc(3)	P07911@232;	+4
Theo	 Int 	26.08	68.56	98.14	100.00	80.66	54.33	31.64	
Scan	 RT 	1345.04	1345.29	1345.54	1345.79	1346.04	1346.29	1346.54	SumIntensity
14216	37.79	0.000E0	0.000E0	1.198E5	0.000E0	1.498E5	0.000E0	0.000E0	2.696E5	
14239	37.84	0.000E0	0.000E0	9.739E4	1.398E5	0.000E0	0.000E0	0.000E0	2.372E5	
14262	37.89	0.000E0	0.000E0	0.000E0	1.561E5	0.000E0	0.000E0	0.000E0	1.561E5	
14285	37.94	8.031E4	0.000E0	1.326E5	1.444E5	2.108E5	1.038E5	0.000E0	6.719E5	
14307	37.99	0.000E0	1.699E5	2.635E5	2.049E5	9.091E4	0.000E0	7.660E4	8.058E5	
14330	38.04	1.011E5	1.177E5	4.484E5	2.506E5	1.626E5	8.801E4	6.151E4	1.230E6	
14353	38.09	1.393E5	2.929E5	2.724E5	4.205E5	2.710E5	1.727E5	9.481E4	1.664E6	
14376	38.14	0.000E0	0.000E0	1.639E5	3.752E5	5.756E5	2.041E5	1.493E5	1.468E6	
14399	38.19	0.000E0	1.405E5	1.881E5	2.306E5	0.000E0	0.000E0	0.000E0	5.592E5	
14422	38.24	0.000E0	0.000E0	1.305E5	3.105E5	2.185E5	0.000E0	0.000E0	6.594E5	
14445	38.29	0.000E0	1.168E5	2.177E5	1.810E5	1.351E5	0.000E0	0.000E0	6.506E5	
14466	38.34	0.000E0	2.095E5	1.767E5	7.132E4	1.582E5	2.015E5	0.000E0	8.173E5	
14486	38.38	0.000E0	1.747E5	2.741E5	2.200E5	1.087E5	0.000E0	0.000E0	7.776E5	
14509	38.43	0.000E0	0.000E0	2.115E5	9.696E4	0.000E0	0.000E0	0.000E0	3.085E5	
Merge	Area	3.207E5	1.222E6	2.696E6	2.802E6	2.081E6	7.701E5	3.822E5	4.932E5	
CNTAAPMWLNGTHPSSDEGIVSR 1,Carbamidomethyl(+57.0215);7,Oxidation(+15.9949);	Hex(6)HexNAc(5)NeuAc(3)	P07911@232;	+4
Theo	 Int 	26.08	68.56	98.14	100.00	80.66	54.33	31.64	
Scan	 RT 	1345.04	1345.29	1345.54	1345.79	1346.04	1346.29	1346.54	SumIntensity
14759	38.98	1.765E5	7.006E4	0.000E0	2.315E5	1.492E5	0.000E0	0.000E0	6.272E5	
14782	39.03	2.185E5	5.872E4	1.084E5	2.110E5	1.469E5	9.294E4	7.294E4	9.094E5	
14805	39.08	1.309E5	2.659E5	3.015E5	4.171E5	3.147E5	8.564E4	6.269E4	1.578E6	
14828	39.13	2.208E5	5.387E5	3.230E5	4.634E5	3.180E5	3.238E5	0.000E0	2.188E6	
14851	39.18	1.772E5	3.984E5	3.946E5	5.334E5	3.300E5	2.579E5	1.205E5	2.212E6	
14874	39.23	2.720E5	3.404E5	7.702E5	6.148E5	4.716E5	2.376E5	1.640E5	2.871E6	
14897	39.28	3.411E5	4.149E5	4.281E5	5.515E5	4.116E5	3.843E5	1.158E5	2.647E6	
14920	39.33	4.418E5	5.977E5	5.784E5	8.102E5	6.028E5	3.593E5	2.169E5	3.607E6	
14943	39.38	1.746E5	4.958E5	6.657E5	7.399E5	6.486E5	2.605E5	2.854E5	3.271E6	
14966	39.44	2.530E5	5.980E5	7.194E5	6.205E5	6.288E5	3.248E5	3.050E5	3.450E6	
14989	39.49	5.429E5	7.699E5	8.377E5	5.376E5	7.895E5	4.732E5	5.652E5	4.516E6	
15012	39.54	4.408E5	4.009E5	1.072E6	8.672E5	5.768E5	4.212E5	4.530E5	4.232E6	
15035	39.59	1.621E5	2.741E5	4.187E5	6.529E5	2.084E5	4.050E5	1.186E5	2.240E6	
15058	39.64	2.104E5	3.777E5	4.184E5	5.081E5	2.425E5	3.359E5	2.903E5	2.383E6	
15081	39.69	0.000E0	3.288E5	2.513E5	2.282E5	3.456E5	2.604E5	0.000E0	1.414E6	
15101	39.73	0.000E0	2.821E5	3.677E5	4.446E5	3.216E5	3.110E5	9.480E4	1.822E6	
15124	39.78	1.017E5	3.236E5	2.412E5	5.250E5	3.606E5	0.000E0	1.634E5	1.715E6	
15147	39.83	1.902E5	3.541E5	3.829E5	3.284E5	3.155E5	1.906E5	5.632E4	1.818E6	
15167	39.87	1.882E5	2.701E5	4.094E5	2.654E5	2.012E5	0.000E0	0.000E0	1.334E6	
15190	39.92	0.000E0	1.785E5	3.900E5	4.464E5	3.757E5	3.631E5	1.397E5	1.893E6	
15213	39.97	7.250E4	1.098E5	1.635E5	2.291E5	4.009E5	2.110E5	2.251E5	1.412E6	
15236	40.02	0.000E0	2.897E5	2.550E5	2.909E5	1.671E5	1.064E5	7.070E4	1.180E6	
15259	40.08	0.000E0	1.704E5	2.328E5	2.366E5	1.654E5	1.231E5	0.000E0	9.284E5	
15282	40.13	0.000E0	0.000E0	0.000E0	1.703E5	1.634E5	0.000E0	0.000E0	3.337E5	
Merge	Area	4.315E6	7.908E6	9.729E6	1.092E7	8.656E6	5.528E6	3.520E6	2.501E6	

CNTAAPMWLNGTHPSSDEGIVSR 1,Carbamidomethyl(+57.0215);7,Oxidation(+15.9949);	Hex(7)HexNAc(6)NeuAc(4)	P07911@232;
CNTAAPMWLNGTHPSSDEGIVSR 1,Carbamidomethyl(+57.0215);7,Oxidation(+15.9949);	Hex(7)HexNAc(6)NeuAc(4)	P07911@232;
CNTAAPMWLNGTHPSSDEGIVSR 1,Carbamidomethyl(+57.0215);7,Oxidation(+15.9949);	Hex(7)HexNAc(6)NeuAc(4)	P07911@232;	+4
Theo	 Int 	19.38	56.64	89.40	100.00	88.24	64.62	40.72	
Scan	 RT 	1509.09	1509.35	1509.60	1509.85	1510.10	1510.35	1510.60	SumIntensity
15745	41.16	0.000E0	1.286E5	1.810E5	3.673E5	1.444E5	3.546E5	2.172E5	1.393E6	
15768	41.21	1.051E5	2.843E5	4.671E5	2.087E5	3.262E5	2.552E5	0.000E0	1.647E6	
15791	41.26	1.049E5	4.734E5	4.816E5	6.290E5	5.952E5	3.071E5	1.171E5	2.708E6	
15814	41.31	1.719E5	3.964E5	6.415E5	6.811E5	7.019E5	6.057E5	3.409E5	3.539E6	
15837	41.36	1.449E5	6.470E5	7.865E5	9.970E5	1.052E6	4.969E5	4.952E5	4.619E6	
15860	41.41	1.781E5	7.332E5	1.021E6	1.200E6	7.247E5	6.599E5	4.498E5	4.967E6	
15883	41.46	2.113E5	5.619E5	1.051E6	1.119E6	1.023E6	7.751E5	3.435E5	5.085E6	
15906	41.51	4.693E5	6.410E5	1.386E6	1.368E6	1.230E6	6.544E5	4.920E5	6.240E6	
15925	41.55	3.948E5	1.205E6	1.182E6	1.550E6	1.461E6	1.152E6	4.742E5	7.419E6	
15948	41.60	2.720E5	6.188E5	1.007E6	1.739E6	1.401E6	1.066E6	6.315E5	6.734E6	
15971	41.65	2.747E5	9.784E5	1.971E6	1.870E6	1.129E6	1.135E6	4.466E5	7.805E6	
15994	41.70	3.113E5	9.040E5	1.441E6	1.487E6	1.013E6	7.664E5	7.074E5	6.630E6	
16017	41.75	1.649E5	8.298E5	1.435E6	1.307E6	1.022E6	1.310E6	6.418E5	6.709E6	
16040	41.80	2.512E5	7.377E5	1.381E6	1.208E6	1.059E6	6.567E5	4.739E5	5.767E6	
16063	41.85	1.776E5	8.451E5	8.400E5	1.100E6	8.191E5	4.772E5	4.278E5	4.687E6	
16086	41.90	1.891E5	7.098E5	9.789E5	1.190E6	7.145E5	8.077E5	5.105E5	5.101E6	
16109	41.95	1.464E5	3.855E5	7.796E5	9.797E5	6.036E5	5.579E5	2.684E5	3.721E6	
16132	42.00	1.933E5	3.730E5	7.771E5	5.553E5	6.600E5	4.244E5	1.995E5	3.183E6	
16155	42.05	0.000E0	3.986E5	5.182E5	1.055E6	5.866E5	6.263E5	2.232E5	3.408E6	
16178	42.10	1.163E5	5.221E5	7.095E5	8.237E5	5.175E5	4.000E5	3.776E5	3.467E6	
16201	42.15	9.980E4	1.929E5	3.758E5	4.668E5	3.397E5	4.032E5	1.509E5	2.029E6	
16224	42.20	1.413E5	5.133E5	6.653E5	5.489E5	4.491E5	4.849E5	2.410E5	3.044E6	
16247	42.26	1.752E5	4.969E5	5.553E5	6.422E5	4.677E5	3.321E5	1.923E5	2.862E6	
16270	42.31	0.000E0	2.174E5	4.129E5	3.988E5	4.076E5	2.223E5	0.000E0	1.659E6	
16293	42.36	0.000E0	2.757E5	5.993E5	3.968E5	5.132E5	4.432E5	3.533E5	2.581E6	
16316	42.41	0.000E0	2.075E5	8.003E5	4.607E5	5.430E5	3.626E5	1.483E5	2.522E6	
16339	42.46	1.734E5	3.600E5	3.968E5	3.042E5	5.119E5	3.824E5	0.000E0	2.129E6	
16362	42.51	0.000E0	2.127E5	3.824E5	4.787E5	2.816E5	3.988E5	1.860E5	1.940E6	
16386	42.56	0.000E0	1.813E5	2.400E5	6.158E5	4.095E5	1.921E5	2.807E5	1.919E6	
16409	42.61	0.000E0	3.085E5	3.347E5	3.549E5	4.619E5	3.590E5	4.066E5	2.226E6	
16432	42.66	0.000E0	2.766E5	4.083E5	9.135E5	3.957E5	6.619E5	3.646E5	3.021E6	
16455	42.71	1.090E5	2.197E5	5.955E5	3.929E5	4.285E5	3.259E5	5.214E5	2.593E6	
16478	42.76	1.214E5	3.332E5	4.260E5	9.175E5	5.603E5	5.497E5	4.171E5	3.325E6	
16501	42.81	0.000E0	3.173E5	7.515E5	4.668E5	6.191E5	6.435E5	7.174E5	3.516E6	
16524	42.86	0.000E0	5.509E5	6.135E5	1.174E6	9.953E5	9.066E5	8.649E5	5.105E6	
16547	42.91	0.000E0	2.381E5	7.500E5	1.064E6	1.044E6	1.079E6	9.074E5	5.082E6	
16570	42.96	0.000E0	0.000E0	9.429E5	1.097E6	1.663E6	1.448E6	1.204E6	6.355E6	
16590	43.00	0.000E0	5.647E5	1.607E6	1.396E6	1.667E6	1.221E6	1.318E6	7.775E6	
16613	43.05	0.000E0	3.595E5	4.772E5	1.502E6	1.744E6	1.479E6	1.263E6	6.824E6	
16636	43.10	0.000E0	4.418E5	1.240E6	1.180E6	1.887E6	1.801E6	1.280E6	7.830E6	
16659	43.15	0.000E0	0.000E0	8.925E5	1.310E6	1.720E6	1.317E6	8.282E5	6.067E6	
16682	43.20	0.000E0	0.000E0	7.127E5	9.327E5	0.000E0	0.000E0	9.168E5	2.562E6	
16705	43.25	0.000E0	0.000E0	0.000E0	0.000E0	3.753E5	0.000E0	5.207E5	8.960E5	
16731	43.30	3.021E5	2.897E5	6.602E5	7.944E5	0.000E0	0.000E0	0.000E0	2.046E6	
Merge	Area	4.999E6	1.893E7	3.388E7	3.924E7	3.427E7	2.850E7	2.092E7	8.883E6	
CNTAAPMWLNGTHPSSDEGIVSR 1,Carbamidomethyl(+57.0215);7,Oxidation(+15.9949);	Hex(7)HexNAc(6)NeuAc(4)	P07911@232;	+5
Theo	 Int 	19.38	56.64	89.40	100.00	88.24	64.62	40.72	
Scan	 RT 	1207.48	1207.68	1207.88	1208.08	1208.28	1208.48	1208.68	SumIntensity
15791	41.26	0.000E0	0.000E0	0.000E0	1.247E5	0.000E0	0.000E0	0.000E0	1.247E5	
15814	41.31	0.000E0	9.261E4	0.000E0	1.366E5	0.000E0	2.105E5	8.038E4	5.201E5	
15837	41.36	0.000E0	0.000E0	0.000E0	2.015E5	0.000E0	0.000E0	1.467E5	3.482E5	
15860	41.41	7.454E4	0.000E0	0.000E0	1.958E5	1.274E5	1.487E5	0.000E0	5.465E5	
15883	41.46	0.000E0	2.849E5	0.000E0	3.223E5	0.000E0	2.193E5	0.000E0	8.266E5	
15906	41.51	0.000E0	3.054E5	0.000E0	4.698E5	1.935E5	0.000E0	1.262E5	1.095E6	
15925	41.55	0.000E0	0.000E0	9.120E4	4.667E5	4.013E5	3.537E5	1.960E5	1.509E6	
15948	41.60	7.165E4	0.000E0	0.000E0	5.208E5	2.477E5	1.517E5	8.216E4	1.074E6	
15971	41.65	0.000E0	1.787E5	2.190E5	3.374E5	6.387E4	3.288E5	1.594E5	1.287E6	
15994	41.70	0.000E0	1.384E5	0.000E0	4.462E5	1.672E5	2.415E5	7.442E4	1.068E6	
16017	41.75	0.000E0	0.000E0	0.000E0	3.583E5	0.000E0	1.705E5	0.000E0	5.288E5	
16040	41.80	0.000E0	7.386E4	8.875E4	2.398E5	1.638E5	3.226E5	0.000E0	8.888E5	
16063	41.85	0.000E0	2.662E5	0.000E0	2.194E5	7.783E4	0.000E0	0.000E0	5.634E5	
16086	41.90	0.000E0	0.000E0	0.000E0	2.373E5	1.503E5	0.000E0	0.000E0	3.876E5	
16109	41.95	0.000E0	0.000E0	1.389E5	2.141E5	8.470E4	0.000E0	0.000E0	4.377E5	
16132	42.00	0.000E0	1.342E5	2.168E5	1.000E5	1.202E5	9.916E4	1.774E5	8.477E5	
16155	42.05	0.000E0	1.561E5	0.000E0	2.024E5	1.363E5	2.666E5	0.000E0	7.614E5	
16178	42.10	0.000E0	0.000E0	0.000E0	0.000E0	8.692E4	0.000E0	8.595E4	1.729E5	
16201	42.15	0.000E0	0.000E0	0.000E0	1.771E5	0.000E0	2.023E5	2.111E5	5.904E5	
16224	42.20	0.000E0	0.000E0	0.000E0	1.534E5	0.000E0	0.000E0	0.000E0	1.534E5	
Merge	Area	1.462E5	1.630E6	7.546E5	5.123E6	2.021E6	2.715E6	1.340E6	6.736E5	

CNTAAPMWLNGTHPSSDEGIVSR 1,Carbamidomethyl(+57.0215);7,Oxidation(+15.9949);	Hex(4)HexNAc(4)NeuAc(1)+283.03	P07911@232;
CNTAAPMWLNGTHPSSDEGIVSR 1,Carbamidomethyl(+57.0215);7,Oxidation(+15.9949);	Hex(4)HexNAc(4)NeuAc(1)+283.03	P07911@232;
CNTAAPMWLNGTHPSSDEGIVSR 1,Carbamidomethyl(+57.0215);7,Oxidation(+15.9949);	Hex(4)HexNAc(4)NeuAc(1)+283.03	P07911@232;	+3
Theo	 Int 	39.68	84.76	100.00	84.74	57.11	32.32	10.58	
Scan	 RT 	1517.60	1517.94	1518.27	1518.60	1518.94	1519.27	1519.61	SumIntensity
14307	37.99	0.000E0	1.474E5	1.713E5	1.377E5	0.000E0	0.000E0	0.000E0	4.564E5	
14330	38.04	1.411E5	2.186E5	3.498E5	2.336E5	2.503E5	1.225E5	0.000E0	1.316E6	
14353	38.09	1.569E5	3.104E5	5.526E5	4.649E5	4.340E5	1.286E5	0.000E0	2.048E6	
14376	38.14	4.713E5	4.791E5	6.218E5	8.938E5	4.467E5	3.288E5	0.000E0	3.241E6	
14399	38.19	3.809E5	7.408E5	6.481E5	5.861E5	3.433E5	4.582E5	0.000E0	3.158E6	
14422	38.24	2.168E5	8.965E5	1.307E6	1.338E6	4.804E5	2.556E5	3.454E5	4.840E6	
14445	38.29	3.257E5	7.581E5	8.026E5	9.265E5	5.454E5	4.316E5	1.959E5	3.986E6	
14466	38.34	3.282E5	6.625E5	1.088E6	1.080E6	5.988E5	2.609E5	2.359E5	4.255E6	
14486	38.38	3.325E5	7.008E5	8.376E5	8.962E5	4.003E5	2.569E5	1.804E5	3.605E6	
14509	38.43	1.072E5	5.300E5	6.373E5	6.754E5	5.492E5	2.341E5	1.621E5	2.895E6	
14532	38.48	1.205E5	3.739E5	5.674E5	6.161E5	2.894E5	1.457E5	0.000E0	2.113E6	
14552	38.53	1.485E5	4.052E5	5.611E5	4.183E5	3.144E5	2.282E5	1.314E5	2.207E6	
14575	38.58	0.000E0	3.698E5	4.297E5	3.950E5	1.470E5	2.298E5	8.276E4	1.654E6	
14598	38.63	1.596E5	1.724E5	2.667E5	3.690E5	1.574E5	1.520E5	9.496E4	1.372E6	
14621	38.68	1.164E5	9.997E4	2.733E5	2.317E5	1.590E5	8.915E4	0.000E0	9.695E5	
14644	38.73	7.376E4	2.428E5	3.205E5	1.826E5	8.785E4	0.000E0	0.000E0	9.075E5	
Merge	Area	3.079E6	7.108E6	9.435E6	9.445E6	5.203E6	3.322E6	1.429E6	1.875E6	
CNTAAPMWLNGTHPSSDEGIVSR 1,Carbamidomethyl(+57.0215);7,Oxidation(+15.9949);	Hex(4)HexNAc(4)NeuAc(1)+283.03	P07911@232;	+4
Theo	 Int 	39.68	84.76	100.00	84.74	57.11	32.32	10.58	
Scan	 RT 	1138.45	1138.70	1138.95	1139.21	1139.46	1139.71	1139.96	SumIntensity
14307	37.99	0.000E0	1.515E5	2.004E5	1.744E5	5.621E4	0.000E0	0.000E0	5.826E5	
14330	38.04	6.210E4	2.930E5	4.073E5	3.014E5	1.998E5	9.075E4	0.000E0	1.354E6	
14353	38.09	1.853E5	3.769E5	3.644E5	5.118E5	3.248E5	2.492E5	7.887E4	2.091E6	
14376	38.14	3.288E5	4.580E5	6.400E5	1.648E5	2.885E5	0.000E0	2.621E5	2.142E6	
14399	38.19	2.244E5	4.654E5	1.254E6	6.262E5	5.764E5	1.358E5	0.000E0	3.282E6	
14422	38.24	2.686E5	5.881E5	9.421E5	5.098E5	4.889E5	0.000E0	1.752E5	2.973E6	
14445	38.29	2.000E5	7.716E5	9.499E5	6.539E5	4.057E5	4.268E5	0.000E0	3.408E6	
14466	38.34	2.185E5	5.627E5	5.801E5	8.196E5	4.100E5	3.930E5	1.767E5	3.160E6	
14486	38.38	7.742E4	5.146E5	8.097E5	9.927E5	3.309E5	2.661E5	1.677E5	3.159E6	
14509	38.43	1.342E5	3.152E5	5.922E5	5.130E5	3.508E5	2.464E5	1.735E5	2.325E6	
14532	38.48	1.521E5	2.492E5	3.305E5	2.143E5	4.844E5	0.000E0	0.000E0	1.430E6	
14552	38.53	0.000E0	1.684E5	3.624E5	2.469E5	2.985E5	1.318E5	0.000E0	1.208E6	
14575	38.58	1.164E5	2.027E5	2.839E5	3.149E5	1.225E5	0.000E0	0.000E0	1.040E6	
14598	38.63	6.696E4	2.455E5	6.839E4	1.910E5	0.000E0	1.104E5	1.313E5	8.135E5	
14621	38.68	5.721E4	1.247E5	1.682E5	1.839E5	5.967E4	8.577E4	0.000E0	6.795E5	
Merge	Area	2.092E6	5.488E6	7.953E6	6.419E6	4.397E6	2.136E6	1.165E6	1.420E6	

EEQFNSTFR	Hex(3)HexNAc(3)Fuc(1)	P01859@176;
EEQFNSTFR	Hex(3)HexNAc(3)Fuc(1)	P01859@176;
EEQFNSTFR	Hex(3)HexNAc(3)Fuc(1)	P01859@176;	+2
Theo	 Int 	83.46	100.00	68.18	33.05	12.80	
Scan	 RT 	1199.99	1200.49	1200.99	1201.50	1202.00	SumIntensity
7947	23.91	1.526E5	2.415E5	1.617E5	0.000E0	0.000E0	5.558E5	
7964	23.95	5.654E5	6.525E5	4.247E5	5.281E5	4.659E4	2.217E6	
7987	24.00	2.309E6	2.646E6	1.876E6	8.402E5	2.724E5	7.944E6	
8004	24.04	1.669E6	1.988E6	1.528E6	4.538E5	1.696E5	5.808E6	
8028	24.09	2.421E6	2.719E6	1.828E6	9.161E5	3.683E5	8.252E6	
8047	24.13	2.302E6	2.393E6	1.770E6	9.602E5	3.321E5	7.758E6	
8070	24.18	7.722E5	7.719E5	6.102E5	3.045E5	1.210E5	2.580E6	
8084	24.21	3.937E5	4.612E5	2.422E5	1.296E5	4.832E4	1.275E6	
Merge	Area	1.059E7	1.187E7	8.440E6	4.132E6	1.358E6	1.573E6	

EEQFNSTFR	Hex(3)HexNAc(4)Fuc(1)	P01859@176;
EEQFNSTFR	Hex(3)HexNAc(4)Fuc(1)	P01859@176;
EEQFNSTFR	Hex(3)HexNAc(4)Fuc(1)	P01859@176;	+2
Theo	 Int 	77.32	100.00	72.52	36.93	14.99	
Scan	 RT 	1301.53	1302.03	1302.53	1303.04	1303.54	SumIntensity
8004	24.04	5.422E5	1.038E6	4.269E5	2.429E5	6.735E4	2.318E6	
8028	24.09	3.092E6	3.862E6	2.947E6	1.377E6	6.587E5	1.194E7	
8047	24.13	2.899E6	3.341E6	2.474E6	1.213E6	5.634E5	1.049E7	
8070	24.18	1.021E6	1.332E6	8.954E5	4.703E5	1.973E5	3.916E6	
8084	24.21	7.084E5	1.021E6	8.206E5	4.683E5	1.088E5	3.127E6	
8100	24.25	6.527E5	7.121E5	5.028E5	3.009E5	6.516E4	2.234E6	
Merge	Area	8.915E6	1.131E7	8.067E6	4.073E6	1.661E6	1.395E6	

EEQFNSTFR	Hex(4)HexNAc(4)Fuc(1)	P01859@176;
EEQFNSTFR	Hex(4)HexNAc(4)Fuc(1)	P01859@176;
EEQFNSTFR	Hex(4)HexNAc(4)Fuc(1)	P01859@176;	+2
Theo	 Int 	73.40	100.00	76.87	42.78	18.85	
Scan	 RT 	1382.56	1383.06	1383.56	1384.06	1384.56	SumIntensity
7847	23.69	0.000E0	2.206E5	0.000E0	0.000E0	0.000E0	2.206E5	
7860	23.72	1.618E5	2.326E5	2.434E5	6.550E4	9.899E4	8.022E5	
7871	23.75	5.018E5	5.769E5	4.833E5	3.202E5	1.249E5	2.007E6	
7893	23.80	1.444E6	1.934E6	1.843E6	7.878E5	4.501E5	6.459E6	
7907	23.83	1.458E6	1.657E6	1.373E6	6.731E5	1.932E5	5.354E6	
7930	23.88	5.302E5	6.337E5	4.658E5	2.441E5	8.050E4	1.954E6	
7947	23.91	4.168E5	5.941E5	4.155E5	1.909E5	1.147E5	1.732E6	
7964	23.95	7.582E5	1.452E6	1.187E6	6.852E5	1.528E5	4.236E6	
7987	24.00	3.023E6	4.221E6	3.170E6	1.589E6	8.551E5	1.286E7	
8004	24.04	1.545E6	2.513E6	1.827E6	9.664E5	4.968E5	7.348E6	
8028	24.09	4.316E5	5.438E5	4.042E5	2.053E5	7.261E4	1.657E6	
Merge	Area	1.027E7	1.458E7	1.141E7	5.728E6	2.640E6	1.837E6	
EEQFNSTFR	Hex(4)HexNAc(4)Fuc(1)	P01859@176;	+3
Theo	 Int 	73.40	100.00	76.87	42.78	18.85	
Scan	 RT 	922.04	922.38	922.71	923.04	923.38	SumIntensity
7860	23.72	7.343E4	2.314E5	6.581E4	6.198E4	0.000E0	4.327E5	
7871	23.75	2.415E5	5.974E5	3.500E5	1.608E5	1.339E5	1.484E6	
7893	23.80	1.200E6	1.558E6	1.157E6	5.141E5	2.958E5	4.724E6	
7907	23.83	8.579E5	1.250E6	9.136E5	4.735E5	2.870E5	3.782E6	
7930	23.88	2.570E5	3.106E5	2.285E5	1.241E5	4.791E4	9.682E5	
7947	23.91	1.072E5	2.421E5	1.453E5	7.049E4	0.000E0	5.651E5	
7964	23.95	4.674E5	6.894E5	3.559E5	2.981E5	8.762E4	1.898E6	
7987	24.00	2.097E6	2.925E6	1.954E6	1.075E6	4.393E5	8.490E6	
8004	24.04	1.017E6	1.492E6	9.046E5	5.837E5	3.047E5	4.302E6	
8028	24.09	2.753E5	4.726E5	3.581E5	1.689E5	0.000E0	1.275E6	
Merge	Area	6.593E6	9.769E6	6.432E6	3.531E6	1.596E6	1.141E6	

EEQFNSTFR	Hex(5)HexNAc(4)NeuAc(1)Fuc(1)	P01859@176;
EEQFNSTFR	Hex(5)HexNAc(4)NeuAc(1)Fuc(1)	P01859@176;
EEQFNSTFR	Hex(5)HexNAc(4)NeuAc(1)Fuc(1)	P01859@176;	+3
Theo	 Int 	64.05	100.00	87.31	55.07	27.79	11.85	
Scan	 RT 	1073.09	1073.42	1073.76	1074.09	1074.43	1074.76	SumIntensity
8617	25.39	2.451E5	2.544E5	1.785E5	2.199E5	4.542E4	0.000E0	9.434E5	
8640	25.44	5.021E5	9.386E5	9.409E5	5.415E5	2.441E5	3.971E4	3.207E6	
8657	25.48	7.221E5	1.038E6	1.067E6	5.409E5	2.829E5	1.299E5	3.781E6	
8680	25.53	6.769E5	1.092E6	1.230E6	6.618E5	1.607E5	1.323E5	3.953E6	
8701	25.57	4.527E5	6.184E5	5.182E5	2.767E5	1.681E5	1.122E5	2.146E6	
8721	25.62	2.588E5	2.770E5	3.545E5	2.412E5	0.000E0	0.000E0	1.131E6	
8744	25.67	9.730E4	1.894E5	0.000E0	0.000E0	0.000E0	0.000E0	2.867E5	
Merge	Area	2.955E6	4.408E6	4.289E6	2.482E6	9.012E5	4.141E5	6.809E5	

GSLSYLNVTR	Hex(5)HexNAc(2)	P07339@263;
GSLSYLNVTR	Hex(5)HexNAc(2)	P07339@263;
GSLSYLNVTR	Hex(5)HexNAc(2)	P07339@263;	+2
Theo	 Int 	87.00	100.00	64.73	30.23	11.33	
Scan	 RT 	1163.51	1164.01	1164.52	1165.02	1165.52	SumIntensity
11602	32.04	1.556E5	1.421E5	6.571E4	0.000E0	0.000E0	3.634E5	
11618	32.08	1.046E6	1.336E6	9.945E5	3.212E5	8.603E4	3.784E6	
11634	32.12	1.431E6	1.587E6	1.077E6	3.670E5	1.290E5	4.591E6	
11653	32.16	3.061E5	4.721E5	3.134E5	0.000E0	0.000E0	1.091E6	
11673	32.20	1.428E5	0.000E0	0.000E0	0.000E0	0.000E0	1.428E5	
Merge	Area	3.082E6	3.536E6	2.451E6	6.882E5	2.151E5	3.701E5	

GSLSYLNVTR	Hex(6)HexNAc(2)	P07339@263;
GSLSYLNVTR	Hex(6)HexNAc(2)	P07339@263;
GSLSYLNVTR	Hex(6)HexNAc(2)	P07339@263;	+2
Theo	 Int 	82.07	100.00	69.63	34.46	13.67	
Scan	 RT 	1244.54	1245.04	1245.54	1246.04	1246.54	SumIntensity
11507	31.83	1.776E5	2.812E5	2.005E5	0.000E0	0.000E0	6.593E5	
11524	31.87	5.274E5	7.756E5	4.050E5	3.693E5	0.000E0	2.077E6	
11541	31.91	4.274E5	8.736E5	3.878E5	2.437E5	0.000E0	1.933E6	
11560	31.95	0.000E0	4.092E5	1.640E5	7.731E4	0.000E0	6.505E5	
11579	31.99	0.000E0	6.722E4	0.000E0	0.000E0	0.000E0	6.722E4	
Merge	Area	1.132E6	2.407E6	1.157E6	6.903E5	0.000E0	1.957E5	

NETHATYSNTLYLADE	HexNAc(2)	P07911@396;
NETHATYSNTLYLADE	HexNAc(2)	P07911@396;
NETHATYSNTLYLADE	HexNAc(2)	P07911@396;	+2
Theo	 Int 	84.83	100.00	65.16	29.99	10.93	
Scan	 RT 	1124.49	1124.99	1125.50	1126.00	1126.50	SumIntensity
12301	33.59	0.000E0	6.116E4	0.000E0	0.000E0	0.000E0	6.116E4	
12317	33.62	0.000E0	7.267E4	0.000E0	0.000E0	0.000E0	7.267E4	
12336	33.66	2.554E5	1.239E5	1.667E5	5.656E4	0.000E0	6.026E5	
12352	33.70	0.000E0	5.871E4	1.187E5	0.000E0	0.000E0	1.774E5	
12359	33.72	0.000E0	1.121E5	1.024E5	0.000E0	0.000E0	2.144E5	
12375	33.75	0.000E0	0.000E0	7.276E4	0.000E0	0.000E0	7.276E4	
12386	33.78	0.000E0	0.000E0	0.000E0	0.000E0	1.411E5	1.411E5	
12404	33.82	0.000E0	0.000E0	0.000E0	0.000E0	2.332E5	2.332E5	
12416	33.84	0.000E0	0.000E0	0.000E0	0.000E0	4.762E5	4.762E5	
12437	33.89	0.000E0	0.000E0	0.000E0	0.000E0	2.880E5	2.880E5	
12453	33.92	0.000E0	0.000E0	0.000E0	0.000E0	4.416E5	4.416E5	
12476	33.97	0.000E0	0.000E0	0.000E0	0.000E0	3.603E5	3.603E5	
12499	34.02	0.000E0	0.000E0	0.000E0	0.000E0	3.086E5	3.086E5	
12519	34.07	0.000E0	0.000E0	0.000E0	0.000E0	2.478E5	2.478E5	
12557	34.15	1.596E5	0.000E0	0.000E0	0.000E0	0.000E0	1.596E5	
12576	34.19	2.016E5	0.000E0	1.530E5	0.000E0	0.000E0	3.546E5	
12594	34.23	6.650E5	0.000E0	4.536E5	0.000E0	1.409E5	1.260E6	
12615	34.28	6.450E5	0.000E0	4.676E5	0.000E0	1.975E5	1.310E6	
12627	34.31	7.498E5	0.000E0	4.733E5	0.000E0	2.004E5	1.423E6	
12644	34.34	3.423E5	0.000E0	3.640E5	0.000E0	0.000E0	7.063E5	
12660	34.38	1.896E5	0.000E0	2.293E5	0.000E0	0.000E0	4.189E5	
12679	34.42	1.194E5	0.000E0	1.951E5	0.000E0	0.000E0	3.145E5	
12692	34.45	0.000E0	0.000E0	1.150E5	0.000E0	0.000E0	1.150E5	
Merge	Area	3.328E6	4.285E5	2.911E6	5.656E4	3.035E6	3.745E5	

NETHATYSNTLYLADE	Hex(5)HexNAc(2)	P07911@396;
NETHATYSNTLYLADE	Hex(5)HexNAc(2)	P07911@396;
NETHATYSNTLYLADE	Hex(5)HexNAc(2)	P07911@396;	+2
Theo	 Int 	65.61	100.00	83.68	49.99	23.35	5.96	
Scan	 RT 	1529.62	1530.13	1530.63	1531.13	1531.63	1532.13	SumIntensity
12301	33.59	1.063E5	3.125E5	2.002E5	1.914E5	1.136E5	0.000E0	9.240E5	
12317	33.62	2.827E5	5.554E5	5.061E5	2.789E5	1.720E5	7.369E4	1.869E6	
12336	33.66	4.258E5	1.010E6	7.032E5	4.173E5	2.576E5	0.000E0	2.814E6	
12352	33.70	4.921E5	7.597E5	5.741E5	4.018E5	2.329E5	0.000E0	2.461E6	
12359	33.72	4.773E5	4.231E5	4.870E5	2.524E5	1.327E5	0.000E0	1.773E6	
12375	33.75	1.166E5	2.799E5	1.325E5	1.097E5	9.392E4	0.000E0	7.327E5	
12386	33.78	0.000E0	1.711E5	2.137E5	1.757E5	0.000E0	0.000E0	5.606E5	
Merge	Area	1.901E6	3.512E6	2.817E6	1.827E6	1.003E6	7.369E4	3.386E5	
NETHATYSNTLYLADE	Hex(5)HexNAc(2)	P07911@396;	+3
Theo	 Int 	65.61	100.00	83.68	49.99	23.35	5.96	
Scan	 RT 	1020.09	1020.42	1020.75	1021.09	1021.42	1021.76	SumIntensity
12284	33.55	0.000E0	0.000E0	5.527E4	0.000E0	0.000E0	0.000E0	5.527E4	
12317	33.62	2.319E5	2.393E5	1.535E5	9.428E4	0.000E0	0.000E0	7.190E5	
12336	33.66	1.539E5	3.662E5	3.000E5	2.262E5	0.000E0	0.000E0	1.046E6	
12352	33.70	1.999E5	5.036E5	1.550E5	1.791E5	6.867E4	0.000E0	1.106E6	
12359	33.72	1.712E5	1.531E5	2.446E5	1.606E5	5.546E4	0.000E0	7.849E5	
12375	33.75	9.528E4	1.741E5	1.650E5	1.259E5	7.060E4	0.000E0	6.308E5	
12386	33.78	1.052E5	6.710E4	9.704E4	1.658E5	0.000E0	0.000E0	4.352E5	
12404	33.82	0.000E0	1.194E5	1.307E5	8.519E4	0.000E0	0.000E0	3.352E5	
Merge	Area	9.574E5	1.623E6	1.301E6	1.037E6	1.947E5	0.000E0	1.738E5	

NETHATYSNTLYLADE	Hex(3)HexNAc(3)	P07911@396;
NETHATYSNTLYLADE	Hex(3)HexNAc(3)	P07911@396;
NETHATYSNTLYLADE	Hex(3)HexNAc(3)	P07911@396;	+2
Theo	 Int 	67.52	100.00	81.49	47.44	21.60	
Scan	 RT 	1469.11	1469.61	1470.11	1470.62	1471.12	SumIntensity
12929	34.97	1.559E5	2.017E5	1.297E5	0.000E0	0.000E0	4.874E5	
12943	35.01	1.699E5	3.373E5	2.429E5	1.834E5	0.000E0	9.335E5	
12966	35.06	2.851E5	3.710E5	3.343E5	1.218E5	0.000E0	1.112E6	
12988	35.10	2.777E5	2.262E5	2.553E5	1.054E5	0.000E0	8.646E5	
13003	35.14	1.858E5	2.342E5	2.419E5	1.196E5	0.000E0	7.816E5	
13016	35.17	0.000E0	1.922E5	1.383E5	1.371E5	0.000E0	4.676E5	
13035	35.21	8.546E4	8.905E4	1.365E5	0.000E0	0.000E0	3.110E5	
13068	35.28	0.000E0	1.011E5	9.186E4	0.000E0	0.000E0	1.929E5	
Merge	Area	1.160E6	1.753E6	1.571E6	6.673E5	0.000E0	2.022E5	

NETHATYSNTLYLADE	Hex(4)HexNAc(3)	P07911@396;
NETHATYSNTLYLADE	Hex(4)HexNAc(3)	P07911@396;
NETHATYSNTLYLADE	Hex(4)HexNAc(3)	P07911@396;	+2
Theo	 Int 	64.51	100.00	85.39	51.89	24.55	6.23	
Scan	 RT 	1550.14	1550.64	1551.14	1551.64	1552.14	1552.64	SumIntensity
12914	34.94	1.984E5	2.209E5	3.042E5	0.000E0	0.000E0	0.000E0	7.236E5	
12929	34.97	2.956E5	3.510E5	4.482E5	1.358E5	2.111E5	0.000E0	1.442E6	
12943	35.01	4.480E5	7.957E5	5.574E5	3.421E5	0.000E0	0.000E0	2.143E6	
12966	35.06	5.193E5	7.865E5	6.836E5	3.201E5	2.208E5	0.000E0	2.530E6	
12988	35.10	5.957E5	7.917E5	6.839E5	4.055E5	2.096E5	0.000E0	2.686E6	
13003	35.14	3.859E5	5.930E5	4.476E5	1.973E5	1.597E5	0.000E0	1.783E6	
13016	35.17	1.389E5	3.857E5	2.437E5	2.316E5	0.000E0	0.000E0	1.000E6	
13035	35.21	1.475E5	2.026E5	2.749E5	1.839E5	0.000E0	0.000E0	8.089E5	
13050	35.24	2.220E5	2.217E5	2.031E5	1.255E5	0.000E0	0.000E0	7.723E5	
13068	35.28	1.143E5	1.569E5	1.460E5	2.508E5	0.000E0	0.000E0	6.680E5	
13089	35.33	9.307E4	1.672E5	9.155E4	0.000E0	0.000E0	0.000E0	3.518E5	
Merge	Area	3.159E6	4.673E6	4.084E6	2.193E6	8.011E5	0.000E0	5.685E5	

NETHATYSNTLYLADE	Hex(5)HexNAc(4)	P07911@396;
NETHATYSNTLYLADE	Hex(5)HexNAc(4)	P07911@396;
NETHATYSNTLYLADE	Hex(5)HexNAc(4)	P07911@396;	+3
Theo	 Int 	58.33	100.00	93.49	62.40	33.07	14.72	
Scan	 RT 	1155.47	1155.81	1156.14	1156.47	1156.81	1157.14	SumIntensity
12914	34.94	1.088E5	1.013E5	9.206E4	0.000E0	0.000E0	0.000E0	3.021E5	
12929	34.97	1.509E5	3.019E5	4.261E5	2.571E5	1.733E5	0.000E0	1.309E6	
12943	35.01	3.794E5	2.213E5	4.856E5	2.533E5	0.000E0	0.000E0	1.340E6	
12966	35.06	2.911E5	3.289E5	5.857E5	2.909E5	1.801E5	0.000E0	1.677E6	
12988	35.10	2.781E5	3.498E5	3.508E5	2.971E5	1.662E5	1.140E5	1.556E6	
13003	35.14	2.500E5	2.182E5	2.626E5	2.772E5	0.000E0	0.000E0	1.008E6	
13016	35.17	3.170E5	3.410E5	2.640E5	7.012E4	7.207E4	0.000E0	1.064E6	
13035	35.21	3.420E5	1.967E5	1.273E5	1.880E5	0.000E0	0.000E0	8.541E5	
13050	35.24	2.541E5	1.021E5	0.000E0	0.000E0	0.000E0	0.000E0	3.561E5	
13068	35.28	1.223E5	0.000E0	1.757E5	1.351E5	0.000E0	0.000E0	4.331E5	
13089	35.33	1.884E5	0.000E0	0.000E0	1.029E5	0.000E0	0.000E0	2.913E5	
Merge	Area	2.682E6	2.161E6	2.770E6	1.872E6	5.916E5	1.140E5	3.886E5	

NETHATYSNTLYLADE	Hex(6)HexNAc(3)NeuAc(1)	P07911@396;
NETHATYSNTLYLADE	Hex(6)HexNAc(3)NeuAc(1)	P07911@396;
NETHATYSNTLYLADE	Hex(6)HexNAc(3)NeuAc(1)	P07911@396;	+3
Theo	 Int 	55.00	100.00	99.62	70.84	39.97	18.93	4.62	
Scan	 RT 	1238.83	1239.16	1239.50	1239.83	1240.17	1240.50	1240.83	SumIntensity
12914	34.94	0.000E0	1.317E5	1.731E5	0.000E0	0.000E0	0.000E0	0.000E0	3.048E5	
12929	34.97	9.383E4	2.270E5	3.447E5	0.000E0	0.000E0	0.000E0	0.000E0	6.655E5	
12943	35.01	2.354E5	3.501E5	2.458E5	2.400E5	0.000E0	0.000E0	0.000E0	1.071E6	
12966	35.06	1.610E5	3.293E5	3.359E5	1.740E5	1.817E5	0.000E0	0.000E0	1.182E6	
12988	35.10	1.827E5	4.423E5	2.248E5	2.146E5	0.000E0	0.000E0	0.000E0	1.064E6	
13003	35.14	1.166E5	1.898E5	1.440E5	1.629E5	1.213E5	0.000E0	0.000E0	7.346E5	
13016	35.17	1.182E5	7.033E4	1.947E5	1.212E5	0.000E0	0.000E0	7.257E4	5.770E5	
13035	35.21	0.000E0	1.129E5	1.164E5	0.000E0	0.000E0	0.000E0	0.000E0	2.293E5	
13050	35.24	0.000E0	0.000E0	9.448E4	0.000E0	0.000E0	0.000E0	0.000E0	9.448E4	
Merge	Area	9.075E5	1.853E6	1.874E6	9.127E5	3.031E5	0.000E0	7.257E4	2.262E5	

NETHATYSNTLYLADE	Hex(5)HexNAc(4)NeuAc(1)	P07911@396;
NETHATYSNTLYLADE	Hex(5)HexNAc(4)NeuAc(1)	P07911@396;
NETHATYSNTLYLADE	Hex(5)HexNAc(4)NeuAc(1)	P07911@396;	+3
Theo	 Int 	53.86	99.32	100.00	71.71	40.75	19.42	4.73	
Scan	 RT 	1252.50	1252.84	1253.17	1253.51	1253.84	1254.17	1254.51	SumIntensity
12895	34.90	2.436E5	8.198E5	1.106E6	7.642E5	3.092E5	0.000E0	0.000E0	3.243E6	
12914	34.94	1.128E6	2.518E6	2.750E6	1.432E6	9.145E5	2.998E5	1.924E5	9.235E6	
12929	34.97	3.025E6	4.992E6	5.337E6	3.952E6	2.439E6	1.075E6	5.647E5	2.139E7	
12943	35.01	3.874E6	6.445E6	8.204E6	5.272E6	2.921E6	1.556E6	6.267E5	2.890E7	
12966	35.06	4.893E6	1.007E7	9.965E6	7.733E6	3.882E6	2.115E6	8.202E5	3.948E7	
12988	35.10	4.590E6	9.285E6	8.529E6	6.200E6	3.702E6	1.747E6	6.432E5	3.470E7	
13003	35.14	3.365E6	5.977E6	6.220E6	4.640E6	2.480E6	1.336E6	5.359E5	2.455E7	
13016	35.17	2.260E6	4.300E6	3.915E6	3.297E6	1.804E6	8.803E5	2.330E5	1.669E7	
13035	35.21	1.325E6	2.417E6	3.018E6	2.024E6	1.231E6	6.409E5	2.862E5	1.094E7	
13050	35.24	1.173E6	1.967E6	1.792E6	1.511E6	8.563E5	3.246E5	2.555E5	7.880E6	
Merge	Area	2.588E7	4.879E7	5.084E7	3.682E7	2.054E7	9.975E6	4.158E6	7.567E6	

NETHATYSNTLYLADE	Hex(5)HexNAc(5)NeuAc(1)	P07911@396;
NETHATYSNTLYLADE	Hex(5)HexNAc(5)NeuAc(1)	P07911@396;
NETHATYSNTLYLADE	Hex(5)HexNAc(5)NeuAc(1)	P07911@396;	+3
Theo	 Int 	48.75	94.53	100.00	75.03	44.47	22.05	5.26	
Scan	 RT 	1320.20	1320.53	1320.87	1321.20	1321.53	1321.87	1322.20	SumIntensity
13035	35.21	7.900E4	1.124E5	1.268E5	0.000E0	0.000E0	0.000E0	0.000E0	3.182E5	
13050	35.24	0.000E0	1.774E5	0.000E0	0.000E0	0.000E0	0.000E0	0.000E0	1.774E5	
13068	35.28	0.000E0	2.115E5	1.682E5	1.538E5	1.480E5	0.000E0	0.000E0	6.815E5	
13089	35.33	1.644E5	3.162E5	4.485E5	1.549E5	1.611E5	1.934E5	0.000E0	1.438E6	
13103	35.36	1.522E5	1.868E5	2.204E5	1.317E5	1.241E5	0.000E0	0.000E0	8.153E5	
13126	35.41	0.000E0	2.030E5	1.585E5	7.778E4	8.903E4	0.000E0	0.000E0	5.283E5	
13149	35.46	0.000E0	0.000E0	1.641E5	0.000E0	0.000E0	0.000E0	0.000E0	1.641E5	
13168	35.50	6.533E4	0.000E0	7.126E4	0.000E0	0.000E0	0.000E0	0.000E0	1.366E5	
Merge	Area	4.610E5	1.207E6	1.358E6	5.182E5	5.222E5	1.934E5	0.000E0	1.676E5	
NETHATYSNTLYLADE	Hex(5)HexNAc(5)NeuAc(1)	P07911@396;	+3
Theo	 Int 	48.75	94.53	100.00	75.03	44.47	22.05	5.26	
Scan	 RT 	1320.20	1320.53	1320.87	1321.20	1321.53	1321.87	1322.20	SumIntensity
13576	36.39	2.356E5	2.727E5	2.813E5	1.072E5	0.000E0	0.000E0	0.000E0	8.967E5	
13599	36.44	0.000E0	2.861E5	4.333E5	2.923E5	1.124E5	0.000E0	0.000E0	1.124E6	
13620	36.49	1.059E5	3.978E5	2.883E5	2.561E5	1.690E5	0.000E0	0.000E0	1.217E6	
13642	36.54	2.668E5	4.939E5	3.732E5	2.641E5	4.235E5	0.000E0	0.000E0	1.822E6	
13665	36.59	2.128E5	2.372E5	2.317E5	1.953E5	1.892E5	0.000E0	0.000E0	1.066E6	
13688	36.64	0.000E0	1.152E5	2.377E5	0.000E0	2.328E5	1.223E5	0.000E0	7.081E5	
13706	36.68	0.000E0	0.000E0	2.944E5	4.043E5	4.123E5	0.000E0	0.000E0	1.111E6	
13729	36.73	0.000E0	0.000E0	0.000E0	3.407E5	0.000E0	0.000E0	0.000E0	3.407E5	
Merge	Area	8.210E5	1.803E6	2.140E6	1.860E6	1.539E6	1.223E5	0.000E0	3.667E5	

NETHATYSNTLYLADE	Hex(5)HexNAc(4)NeuAc(2)	P07911@396;
NETHATYSNTLYLADE	Hex(5)HexNAc(4)NeuAc(2)	P07911@396;
NETHATYSNTLYLADE	Hex(5)HexNAc(4)NeuAc(2)	P07911@396;	+3
Theo	 Int 	47.07	92.92	100.00	76.23	45.86	23.07	5.46	
Scan	 RT 	1349.54	1349.87	1350.20	1350.54	1350.87	1351.21	1351.54	SumIntensity
13576	36.39	0.000E0	0.000E0	9.676E4	0.000E0	2.097E5	0.000E0	0.000E0	3.065E5	
13599	36.44	0.000E0	0.000E0	3.553E5	0.000E0	1.820E5	0.000E0	0.000E0	5.373E5	
13620	36.49	1.189E5	3.019E5	1.939E5	0.000E0	0.000E0	2.119E5	0.000E0	8.267E5	
13642	36.54	0.000E0	0.000E0	2.855E5	2.685E5	0.000E0	2.056E5	0.000E0	7.596E5	
13665	36.59	0.000E0	3.722E5	3.074E5	2.524E5	0.000E0	2.110E5	0.000E0	1.143E6	
13688	36.64	3.815E5	1.737E5	2.338E5	4.092E5	0.000E0	0.000E0	1.087E5	1.307E6	
13706	36.68	3.775E5	0.000E0	0.000E0	5.390E5	0.000E0	0.000E0	3.644E5	1.281E6	
13729	36.73	7.960E5	0.000E0	0.000E0	1.486E6	0.000E0	0.000E0	0.000E0	2.282E6	
13751	36.77	4.477E5	1.402E5	1.980E5	5.421E5	2.630E5	0.000E0	4.243E5	2.015E6	
13767	36.81	4.990E5	3.774E5	4.413E5	4.992E5	0.000E0	0.000E0	0.000E0	1.817E6	
13790	36.86	0.000E0	0.000E0	2.508E5	5.019E5	0.000E0	0.000E0	0.000E0	7.527E5	
13813	36.91	1.802E5	2.937E5	3.489E5	2.806E5	2.126E5	0.000E0	0.000E0	1.316E6	
13835	36.96	3.397E5	3.508E5	3.828E5	2.394E5	1.008E5	2.381E5	0.000E0	1.652E6	
13858	37.01	3.892E5	9.522E5	7.604E5	4.448E5	5.431E5	1.929E5	0.000E0	3.283E6	
13881	37.06	5.065E5	1.134E6	1.317E6	7.975E5	7.315E5	3.015E5	1.929E5	4.980E6	
13904	37.11	4.946E5	1.594E6	1.779E6	1.070E6	1.065E6	3.472E5	3.339E5	6.683E6	
13925	37.16	1.123E6	1.619E6	2.036E6	1.483E6	9.211E5	4.763E5	2.530E5	7.911E6	
13948	37.20	8.633E5	1.912E6	2.071E6	1.832E6	9.117E5	4.536E5	3.389E5	8.383E6	
13971	37.26	7.127E5	1.426E6	2.077E6	1.060E6	7.431E5	4.261E5	1.695E5	6.614E6	
13994	37.30	8.042E5	1.229E6	1.133E6	1.149E6	5.274E5	4.686E5	1.591E5	5.470E6	
14017	37.36	5.985E5	1.023E6	8.450E5	9.209E5	4.193E5	2.176E5	0.000E0	4.025E6	
14040	37.41	1.510E5	5.190E5	5.664E5	4.624E5	2.558E5	0.000E0	0.000E0	1.955E6	
14063	37.46	2.578E5	4.963E5	6.702E5	0.000E0	0.000E0	0.000E0	0.000E0	1.424E6	
Merge	Area	9.041E6	1.391E7	1.635E7	1.424E7	7.086E6	3.751E6	2.345E6	3.216E6	

NETHATYSNTLYLADE	Hex(6)HexNAc(5)NeuAc(1)	P07911@396;
NETHATYSNTLYLADE	Hex(6)HexNAc(5)NeuAc(1)	P07911@396;
NETHATYSNTLYLADE	Hex(6)HexNAc(5)NeuAc(1)	P07911@396;	+3
Theo	 Int 	44.82	90.86	100.00	77.66	47.48	24.23	5.70	
Scan	 RT 	1374.21	1374.55	1374.88	1375.22	1375.55	1375.89	1376.22	SumIntensity
12709	34.49	0.000E0	1.551E5	1.091E5	1.982E5	0.000E0	0.000E0	0.000E0	4.624E5	
12723	34.52	0.000E0	2.845E5	2.901E5	0.000E0	0.000E0	0.000E0	0.000E0	5.746E5	
12739	34.56	1.165E5	2.418E5	2.693E5	2.660E5	0.000E0	0.000E0	0.000E0	8.935E5	
12760	34.60	3.113E5	3.347E5	6.412E5	5.745E5	2.869E5	0.000E0	1.741E5	2.323E6	
12770	34.62	2.133E5	5.349E5	5.025E5	2.924E5	0.000E0	0.000E0	0.000E0	1.543E6	
12793	34.67	5.941E5	5.603E5	5.796E5	3.144E5	2.879E5	0.000E0	0.000E0	2.336E6	
12814	34.72	3.156E5	6.212E5	3.371E5	4.640E5	3.144E5	1.429E5	0.000E0	2.195E6	
12836	34.77	1.659E5	4.938E5	2.741E5	3.709E5	0.000E0	0.000E0	0.000E0	1.305E6	
12857	34.82	1.468E5	2.187E5	2.950E5	1.078E5	0.000E0	1.170E5	0.000E0	8.853E5	
12880	34.87	1.284E5	1.863E5	2.210E5	0.000E0	0.000E0	0.000E0	0.000E0	5.357E5	
12895	34.90	0.000E0	0.000E0	1.375E5	0.000E0	0.000E0	0.000E0	0.000E0	1.375E5	
Merge	Area	1.992E6	3.631E6	3.656E6	2.588E6	8.891E5	2.599E5	1.741E5	5.443E5	
NETHATYSNTLYLADE	Hex(6)HexNAc(5)NeuAc(1)	P07911@396;	+3
Theo	 Int 	44.82	90.86	100.00	77.66	47.48	24.23	5.70	
Scan	 RT 	1374.21	1374.55	1374.88	1375.22	1375.55	1375.89	1376.22	SumIntensity
13509	36.25	0.000E0	3.518E5	1.645E5	1.464E5	0.000E0	0.000E0	0.000E0	6.627E5	
13532	36.30	0.000E0	3.801E5	3.183E5	2.718E5	2.621E5	0.000E0	0.000E0	1.232E6	
13555	36.35	4.676E5	5.071E5	5.844E5	4.995E5	3.432E5	3.229E5	0.000E0	2.725E6	
13576	36.39	3.900E5	1.114E6	1.104E6	7.062E5	5.153E5	3.348E5	0.000E0	4.164E6	
13599	36.44	5.250E5	1.100E6	1.390E6	1.419E6	8.411E5	2.073E5	1.813E5	5.664E6	
13620	36.49	7.014E5	1.412E6	1.403E6	1.410E6	6.971E5	2.405E5	1.111E5	5.975E6	
13642	36.54	7.716E5	1.817E6	1.854E6	1.404E6	8.142E5	2.945E5	2.407E5	7.196E6	
13665	36.59	6.401E5	1.333E6	1.304E6	9.824E5	7.870E5	4.868E5	0.000E0	5.534E6	
13688	36.64	4.214E5	1.394E6	6.749E5	4.109E5	6.840E5	2.685E5	0.000E0	3.853E6	
13706	36.68	2.558E5	2.705E5	7.575E5	6.451E5	5.136E5	2.789E5	0.000E0	2.721E6	
13729	36.73	3.821E5	1.091E6	1.248E6	0.000E0	0.000E0	0.000E0	0.000E0	2.721E6	
13751	36.77	0.000E0	2.815E5	2.284E5	2.563E5	0.000E0	0.000E0	0.000E0	7.662E5	
Merge	Area	4.555E6	1.105E7	1.103E7	8.151E6	5.458E6	2.434E6	5.331E5	2.041E6	

NETHATYSNTLYLADE	Hex(6)HexNAc(5)NeuAc(2)	P07911@396;
NETHATYSNTLYLADE	Hex(6)HexNAc(5)NeuAc(2)	P07911@396;
NETHATYSNTLYLADE	Hex(6)HexNAc(5)NeuAc(2)	P07911@396;	+3
Theo	 Int 	39.64	85.52	100.00	83.01	54.32	29.67	14.02	
Scan	 RT 	1471.25	1471.58	1471.91	1472.25	1472.58	1472.92	1473.25	SumIntensity
13509	36.25	1.785E5	4.331E5	3.306E5	2.117E5	5.150E5	0.000E0	2.253E5	1.894E6	
13532	36.30	6.260E5	1.010E6	7.972E5	1.281E6	7.672E5	4.473E5	0.000E0	4.929E6	
13555	36.35	1.282E6	2.048E6	2.559E6	2.385E6	1.777E6	6.499E5	3.101E5	1.101E7	
13576	36.39	2.035E6	3.066E6	3.870E6	3.190E6	2.109E6	1.255E6	5.184E5	1.604E7	
13599	36.44	1.918E6	5.517E6	5.993E6	4.108E6	3.071E6	1.692E6	7.757E5	2.308E7	
13620	36.49	2.402E6	6.353E6	6.737E6	5.488E6	3.461E6	2.172E6	8.179E5	2.743E7	
13642	36.54	3.047E6	6.348E6	7.375E6	5.355E6	3.728E6	2.090E6	1.145E6	2.909E7	
13665	36.59	2.192E6	4.357E6	6.435E6	4.966E6	3.109E6	1.674E6	4.980E5	2.323E7	
13688	36.64	1.478E6	3.324E6	4.113E6	3.520E6	2.204E6	8.376E5	5.837E5	1.606E7	
13706	36.68	1.243E6	2.806E6	3.071E6	3.846E6	2.172E6	4.940E5	5.138E5	1.415E7	
13729	36.73	1.038E6	1.641E6	2.013E6	1.687E6	9.368E5	7.228E5	0.000E0	8.038E6	
13751	36.77	4.687E5	1.080E6	1.297E6	1.174E6	7.966E5	3.736E5	2.670E5	5.457E6	
Merge	Area	1.791E7	3.798E7	4.459E7	3.721E7	2.465E7	1.241E7	5.655E6	8.470E6	

NETHATYSNTLYLADE	Hex(6)HexNAc(6)NeuAc(2)	P07911@396;
NETHATYSNTLYLADE	Hex(6)HexNAc(6)NeuAc(2)	P07911@396;
NETHATYSNTLYLADE	Hex(6)HexNAc(6)NeuAc(2)	P07911@396;	+4
Theo	 Int 	36.58	82.38	100.00	85.85	57.92	32.54	15.79	
Scan	 RT 	1154.46	1154.71	1154.96	1155.21	1155.46	1155.71	1155.96	SumIntensity
13599	36.44	1.606E5	2.438E5	4.294E5	2.929E5	1.605E5	2.577E5	0.000E0	1.545E6	
13620	36.49	4.775E5	8.124E5	8.572E5	6.513E5	7.713E5	2.243E5	0.000E0	3.794E6	
13642	36.54	6.753E5	1.365E6	1.122E6	8.791E5	9.451E5	1.978E5	2.812E5	5.465E6	
13665	36.59	3.169E5	1.347E6	1.858E6	1.255E6	9.196E5	2.626E5	3.695E5	6.329E6	
13688	36.64	6.865E5	1.091E6	2.054E6	1.693E6	1.348E6	6.108E5	3.651E5	7.848E6	
13706	36.68	6.139E5	1.316E6	1.874E6	1.605E6	8.249E5	3.982E5	1.690E5	6.802E6	
13729	36.73	1.062E6	1.756E6	1.319E6	1.606E6	4.144E5	7.884E5	0.000E0	6.946E6	
13751	36.77	0.000E0	7.340E5	8.888E5	9.495E5	3.483E5	2.870E5	1.893E5	3.397E6	
13767	36.81	3.237E5	5.435E5	3.086E5	5.050E5	2.753E5	0.000E0	1.827E5	2.139E6	
13790	36.86	2.982E5	3.216E5	6.112E5	4.117E5	1.916E5	2.195E5	0.000E0	2.054E6	
13813	36.91	0.000E0	2.374E5	2.532E5	1.976E5	3.530E5	0.000E0	0.000E0	1.041E6	
Merge	Area	4.614E6	9.767E6	1.158E7	1.005E7	6.553E6	3.246E6	1.557E6	2.169E6	

NETHATYSNTLYLADE	Hex(6)HexNAc(5)NeuAc(3)	P07911@396;
NETHATYSNTLYLADE	Hex(6)HexNAc(5)NeuAc(3)	P07911@396;
NETHATYSNTLYLADE	Hex(6)HexNAc(5)NeuAc(3)	P07911@396;	+3
Theo	 Int 	35.54	81.28	100.00	86.92	59.33	33.71	16.54	
Scan	 RT 	1568.28	1568.61	1568.95	1569.28	1569.61	1569.95	1570.28	SumIntensity
14621	38.68	0.000E0	1.991E5	2.309E5	1.761E5	1.239E5	8.935E4	0.000E0	8.194E5	
14644	38.73	9.052E4	1.358E5	2.916E5	2.942E5	2.213E5	1.969E5	0.000E0	1.230E6	
14667	38.78	1.172E5	3.447E5	4.098E5	3.556E5	3.289E5	1.706E5	5.876E4	1.785E6	
14690	38.83	1.145E5	4.370E5	4.329E5	4.846E5	4.201E5	0.000E0	0.000E0	1.889E6	
14713	38.88	2.019E5	4.912E5	6.615E5	5.895E5	3.036E5	3.243E5	6.940E4	2.641E6	
14736	38.93	3.665E5	6.831E5	7.238E5	5.321E5	3.240E5	3.317E5	0.000E0	2.961E6	
14759	38.98	2.066E5	6.564E5	1.164E6	8.220E5	6.232E5	3.934E5	2.303E5	4.096E6	
14782	39.03	3.345E5	7.270E5	1.011E6	7.742E5	4.755E5	2.018E5	1.129E5	3.637E6	
14805	39.08	4.015E5	8.928E5	9.026E5	7.821E5	5.392E5	3.097E5	1.667E5	3.995E6	
14828	39.13	4.943E5	8.107E5	1.063E6	9.652E5	7.332E5	3.035E5	2.214E5	4.591E6	
14851	39.18	1.268E5	9.769E5	1.004E6	7.058E5	3.580E5	2.751E5	1.892E5	3.636E6	
14874	39.23	3.485E5	5.429E5	8.181E5	7.524E5	3.552E5	2.315E5	1.110E5	3.160E6	
14897	39.28	2.080E5	5.066E5	7.928E5	6.062E5	2.613E5	1.862E5	1.557E5	2.717E6	
14920	39.33	2.621E5	2.857E5	5.457E5	3.999E5	3.046E5	1.082E5	1.269E5	2.033E6	
14943	39.38	2.170E5	3.939E5	3.200E5	3.817E5	2.167E5	0.000E0	9.244E4	1.622E6	
14966	39.44	0.000E0	2.364E5	2.508E5	0.000E0	0.000E0	0.000E0	0.000E0	4.871E5	
Merge	Area	3.490E6	8.320E6	1.062E7	8.622E6	5.588E6	3.122E6	1.535E6	2.049E6	

NETHATYSNTLYLADE	Hex(6)HexNAc(6)NeuAc(3)	P07911@396;
NETHATYSNTLYLADE	Hex(6)HexNAc(6)NeuAc(3)	P07911@396;
NETHATYSNTLYLADE	Hex(6)HexNAc(6)NeuAc(3)	P07911@396;	+4
Theo	 Int 	32.72	77.94	100.00	90.79	64.54	38.09	19.36	
Scan	 RT 	1227.23	1227.48	1227.73	1227.98	1228.23	1228.48	1228.73	SumIntensity
14667	38.78	0.000E0	0.000E0	7.146E4	1.312E5	5.520E4	0.000E0	0.000E0	2.578E5	
14690	38.83	0.000E0	1.315E5	1.623E5	8.635E4	0.000E0	0.000E0	0.000E0	3.801E5	
14713	38.88	0.000E0	1.531E5	0.000E0	1.650E5	0.000E0	1.041E5	0.000E0	4.222E5	
14736	38.93	0.000E0	1.600E5	0.000E0	2.228E5	2.026E5	1.599E5	0.000E0	7.452E5	
14759	38.98	0.000E0	1.192E5	2.197E5	2.583E5	9.384E4	1.506E5	0.000E0	8.416E5	
14782	39.03	0.000E0	3.113E5	2.357E5	2.424E5	1.214E5	1.355E5	0.000E0	1.046E6	
14805	39.08	1.008E5	3.256E5	2.413E5	1.452E5	2.053E5	9.160E4	1.617E5	1.271E6	
14828	39.13	6.998E4	3.195E5	2.085E5	4.137E5	2.085E5	1.482E5	8.898E4	1.457E6	
14851	39.18	1.825E5	2.605E5	3.300E5	3.847E5	3.110E5	1.393E5	0.000E0	1.608E6	
14874	39.23	1.163E5	3.223E5	3.304E5	4.291E5	1.855E5	2.614E5	1.692E5	1.814E6	
14897	39.28	1.380E5	3.606E5	5.831E5	2.555E5	2.885E5	1.636E5	5.617E4	1.846E6	
14920	39.33	1.024E5	2.968E5	3.128E5	2.521E5	2.737E5	1.007E5	0.000E0	1.338E6	
14943	39.38	1.226E5	2.661E5	1.287E5	2.958E5	1.744E5	0.000E0	9.715E4	1.085E6	
14966	39.44	9.836E4	1.346E5	3.867E5	8.138E4	1.186E5	0.000E0	0.000E0	8.196E5	
15012	39.54	0.000E0	2.984E5	3.145E5	0.000E0	0.000E0	0.000E0	0.000E0	6.129E5	
15035	39.59	0.000E0	0.000E0	0.000E0	1.353E5	0.000E0	0.000E0	0.000E0	1.353E5	
Merge	Area	9.309E5	3.459E6	3.525E6	3.499E6	2.239E6	1.455E6	5.732E5	8.166E5	

NETHATYSNTLYLADE	Hex(5)HexNAc(4)NeuAc(1)Fuc(1)	P07911@396;
NETHATYSNTLYLADE	Hex(5)HexNAc(4)NeuAc(1)Fuc(1)	P07911@396;
NETHATYSNTLYLADE	Hex(5)HexNAc(4)NeuAc(1)Fuc(1)	P07911@396;	+3
Theo	 Int 	50.40	96.40	100.00	73.63	42.87	20.91	5.03	
Scan	 RT 	1301.19	1301.52	1301.86	1302.19	1302.53	1302.86	1303.19	SumIntensity
12857	34.82	0.000E0	1.056E5	0.000E0	0.000E0	9.678E4	0.000E0	0.000E0	2.024E5	
12880	34.87	0.000E0	3.076E5	2.818E5	2.929E5	0.000E0	9.860E4	0.000E0	9.809E5	
12895	34.90	4.857E5	6.048E5	5.941E5	5.010E5	3.188E5	3.269E5	0.000E0	2.831E6	
12914	34.94	9.465E5	2.163E6	1.763E6	1.317E6	9.129E5	5.544E5	2.173E5	7.874E6	
12929	34.97	1.367E6	2.864E6	2.669E6	2.442E6	1.539E6	7.222E5	2.677E5	1.187E7	
12943	35.01	1.663E6	4.106E6	3.270E6	3.007E6	1.294E6	6.866E5	2.403E5	1.427E7	
12966	35.06	1.709E6	2.892E6	3.647E6	2.464E6	1.487E6	8.047E5	3.227E5	1.333E7	
12988	35.10	1.357E6	2.715E6	2.648E6	2.069E6	1.251E6	5.410E5	2.900E5	1.087E7	
13003	35.14	6.535E5	1.670E6	1.704E6	1.263E6	8.321E5	3.628E5	1.543E5	6.640E6	
13016	35.17	5.435E5	1.393E6	1.045E6	9.916E5	5.189E5	2.780E5	1.287E5	4.899E6	
13035	35.21	4.383E5	7.983E5	6.190E5	6.913E5	3.589E5	1.747E5	1.175E5	3.198E6	
13050	35.24	2.408E5	5.651E5	6.757E5	4.284E5	2.659E5	1.166E5	7.309E4	2.366E6	
Merge	Area	9.405E6	2.018E7	1.892E7	1.547E7	8.875E6	4.667E6	1.812E6	3.064E6	

SKWNITME	Hex(4)HexNAc(3)NeuAc(1)	P02760@115;
SKWNITME	Hex(4)HexNAc(3)NeuAc(1)	P02760@115;
SKWNITME	Hex(4)HexNAc(3)NeuAc(1)	P02760@115;	+2
Theo	 Int 	79.58	100.00	74.74	40.27	17.57	
Scan	 RT 	1279.02	1279.52	1280.02	1280.52	1281.02	SumIntensity
12929	34.97	0.000E0	1.036E5	0.000E0	1.027E5	0.000E0	2.063E5	
12943	35.01	1.499E5	1.263E5	1.275E5	8.811E4	0.000E0	4.918E5	
12966	35.06	3.902E5	5.502E5	3.361E5	1.801E5	0.000E0	1.457E6	
12988	35.10	8.641E5	8.972E5	7.359E5	6.231E5	7.980E4	3.200E6	
13003	35.14	8.777E5	1.212E6	9.830E5	3.568E5	1.203E5	3.550E6	
13016	35.17	9.717E5	1.287E6	9.966E5	3.497E5	2.549E5	3.860E6	
13035	35.21	1.268E6	1.450E6	1.032E6	4.666E5	2.976E5	4.515E6	
13050	35.24	9.156E5	1.340E6	1.108E6	3.914E5	2.829E5	4.038E6	
13068	35.28	6.901E5	9.897E5	5.478E5	3.679E5	1.442E5	2.740E6	
13089	35.33	5.388E5	5.735E5	4.229E5	2.634E5	1.364E5	1.935E6	
13103	35.36	2.378E5	4.041E5	3.585E5	2.003E5	0.000E0	1.201E6	
13126	35.41	1.997E5	1.948E5	0.000E0	1.677E5	0.000E0	5.622E5	
Merge	Area	7.104E6	9.129E6	6.649E6	3.558E6	1.316E6	1.048E6	

SKWNITME	Hex(5)HexNAc(4)NeuAc(1)	P02760@115;
SKWNITME	Hex(5)HexNAc(4)NeuAc(1)	P02760@115;
SKWNITME	Hex(5)HexNAc(4)NeuAc(1)	P02760@115;	+2
Theo	 Int 	70.39	100.00	83.08	50.61	24.60	7.54	
Scan	 RT 	1461.58	1462.08	1462.59	1463.09	1463.59	1464.09	SumIntensity
12943	35.01	1.986E5	2.065E5	1.736E5	0.000E0	0.000E0	0.000E0	5.786E5	
12966	35.06	2.650E5	3.702E5	3.150E5	0.000E0	0.000E0	0.000E0	9.503E5	
12988	35.10	3.318E5	6.985E5	5.228E5	2.557E5	1.655E5	8.455E4	2.059E6	
13003	35.14	5.446E5	6.802E5	5.549E5	3.502E5	1.595E5	0.000E0	2.289E6	
13016	35.17	6.959E5	8.846E5	7.521E5	3.323E5	1.491E5	0.000E0	2.814E6	
13035	35.21	7.616E5	8.148E5	8.298E5	4.057E5	1.810E5	0.000E0	2.993E6	
13050	35.24	4.316E5	7.392E5	5.997E5	3.426E5	3.017E5	0.000E0	2.415E6	
13068	35.28	5.063E5	7.412E5	5.794E5	2.730E5	1.262E5	1.167E5	2.343E6	
13089	35.33	2.797E5	3.433E5	2.812E5	1.359E5	0.000E0	0.000E0	1.040E6	
13103	35.36	2.030E5	2.571E5	2.448E5	1.263E5	0.000E0	0.000E0	8.312E5	
13126	35.41	1.248E5	1.856E5	0.000E0	0.000E0	0.000E0	0.000E0	3.103E5	
Merge	Area	4.343E6	5.921E6	4.853E6	2.222E6	1.083E6	2.013E5	7.011E5	

SKWNITME	Hex(5)HexNAc(4)NeuAc(2)	P02760@115;
SKWNITME	Hex(5)HexNAc(4)NeuAc(2)	P02760@115;
SKWNITME	Hex(5)HexNAc(4)NeuAc(2)	P02760@115;	+2
Theo	 Int 	64.49	100.00	89.72	58.96	31.25	14.05	
Scan	 RT 	1607.13	1607.63	1608.13	1608.63	1609.14	1609.64	SumIntensity
12929	34.97	1.380E5	2.621E5	1.545E5	0.000E0	0.000E0	0.000E0	5.547E5	
12943	35.01	2.148E5	4.059E5	2.962E5	2.528E5	1.771E5	0.000E0	1.347E6	
12966	35.06	6.718E5	9.854E5	1.066E6	5.031E5	1.981E5	1.179E5	3.542E6	
12988	35.10	1.086E6	1.690E6	1.356E6	1.098E6	4.620E5	2.579E5	5.950E6	
13003	35.14	1.187E6	2.201E6	1.757E6	1.143E6	7.004E5	2.479E5	7.235E6	
13016	35.17	1.307E6	2.194E6	2.197E6	1.220E6	6.084E5	2.427E5	7.770E6	
13035	35.21	1.475E6	2.445E6	1.818E6	1.380E6	8.771E5	2.377E5	8.233E6	
13050	35.24	1.178E6	1.799E6	1.652E6	1.030E6	6.149E5	2.815E5	6.556E6	
13068	35.28	6.821E5	1.046E6	1.102E6	8.414E5	5.183E5	1.936E5	4.384E6	
13089	35.33	4.269E5	9.604E5	7.689E5	4.294E5	2.954E5	1.376E5	3.019E6	
13103	35.36	3.757E5	4.291E5	4.887E5	3.573E5	2.578E5	0.000E0	1.909E6	
13126	35.41	1.049E5	1.902E5	1.956E5	2.569E5	0.000E0	0.000E0	7.475E5	
Merge	Area	8.847E6	1.461E7	1.285E7	8.512E6	4.709E6	1.717E6	1.936E6	
SKWNITME	Hex(5)HexNAc(4)NeuAc(2)	P02760@115;	+3
Theo	 Int 	64.49	100.00	89.72	58.96	31.25	14.05	
Scan	 RT 	1071.76	1072.09	1072.42	1072.76	1073.09	1073.43	SumIntensity
12943	35.01	7.123E5	7.488E5	7.529E5	4.954E5	2.526E5	1.729E5	3.135E6	
12966	35.06	2.043E6	2.559E6	2.355E6	1.383E6	7.722E5	3.620E5	9.474E6	
12988	35.10	3.742E6	5.107E6	4.542E6	3.181E6	1.454E6	7.740E5	1.880E7	
13003	35.14	4.277E6	6.180E6	5.736E6	3.164E6	2.159E6	8.217E5	2.234E7	
13016	35.17	4.850E6	7.734E6	6.747E6	3.687E6	2.020E6	8.981E5	2.594E7	
13035	35.21	4.764E6	7.168E6	6.008E6	4.226E6	1.978E6	8.942E5	2.504E7	
13050	35.24	3.930E6	6.398E6	6.055E6	3.661E6	2.030E6	9.371E5	2.301E7	
13068	35.28	3.056E6	4.959E6	4.139E6	2.644E6	1.440E6	7.892E5	1.703E7	
13089	35.33	1.954E6	2.903E6	2.358E6	1.344E6	8.244E5	2.053E5	9.588E6	
13103	35.36	1.258E6	2.238E6	1.728E6	1.261E6	6.577E5	3.148E5	7.457E6	
13126	35.41	6.760E5	1.039E6	1.092E6	6.461E5	3.931E5	2.374E5	4.084E6	
Merge	Area	3.126E7	4.703E7	4.151E7	2.569E7	1.398E7	6.407E6	6.232E6	

SKWNITME	Hex(6)HexNAc(5)NeuAc(3)	P02760@115;
SKWNITME	Hex(6)HexNAc(5)NeuAc(3)	P02760@115;
SKWNITME	Hex(6)HexNAc(5)NeuAc(3)	P02760@115;	+3
Theo	 Int 	52.12	96.13	100.00	75.32	45.43	23.14	6.71	
Scan	 RT 	1290.50	1290.83	1291.17	1291.50	1291.84	1292.17	1292.50	SumIntensity
13767	36.81	2.990E5	0.000E0	0.000E0	1.431E5	0.000E0	0.000E0	0.000E0	4.421E5	
13790	36.86	2.158E5	4.764E5	1.885E5	3.004E5	0.000E0	0.000E0	0.000E0	1.181E6	
13813	36.91	0.000E0	3.901E5	3.139E5	1.782E5	0.000E0	0.000E0	0.000E0	8.822E5	
13835	36.96	0.000E0	3.457E5	4.743E5	6.762E5	1.569E5	1.143E5	0.000E0	1.767E6	
13858	37.01	3.484E5	7.149E5	4.294E5	4.056E5	3.207E5	0.000E0	0.000E0	2.219E6	
13881	37.06	2.725E5	9.173E5	1.094E6	6.291E5	2.694E5	1.018E5	0.000E0	3.284E6	
13904	37.11	6.028E5	7.925E5	1.020E6	7.249E5	2.431E5	0.000E0	1.760E5	3.559E6	
13925	37.16	5.714E5	1.055E6	1.120E6	5.852E5	4.659E5	3.324E5	1.403E5	4.271E6	
13948	37.20	5.540E5	1.226E6	8.125E5	7.308E5	4.674E5	2.650E5	0.000E0	4.056E6	
13971	37.26	6.357E5	8.314E5	9.111E5	8.771E5	3.912E5	3.755E5	2.207E5	4.243E6	
13994	37.30	6.027E5	1.045E6	1.195E6	8.019E5	5.127E5	2.809E5	0.000E0	4.438E6	
14017	37.36	4.800E5	1.149E6	9.979E5	5.703E5	5.522E5	1.512E5	2.070E5	4.108E6	
14040	37.41	4.922E5	6.383E5	8.184E5	6.041E5	4.661E5	2.922E5	0.000E0	3.311E6	
14063	37.46	6.376E5	6.629E5	7.216E5	7.422E5	3.280E5	0.000E0	0.000E0	3.092E6	
14086	37.51	2.149E5	6.165E5	6.649E5	4.077E5	3.201E5	0.000E0	0.000E0	2.224E6	
14109	37.56	2.025E5	4.941E5	5.578E5	2.870E5	2.078E5	1.226E5	0.000E0	1.872E6	
14132	37.61	2.315E5	2.897E5	2.429E5	2.772E5	1.025E5	8.562E4	0.000E0	1.229E6	
14152	37.65	1.509E5	2.194E5	3.849E5	2.348E5	8.044E4	0.000E0	0.000E0	1.070E6	
14175	37.70	0.000E0	2.961E5	2.978E5	1.979E5	1.127E5	0.000E0	0.000E0	9.045E5	
14193	37.74	0.000E0	1.949E5	1.566E5	1.627E5	1.007E5	0.000E0	0.000E0	6.150E5	
Merge	Area	6.512E6	1.236E7	1.240E7	9.536E6	5.098E6	2.121E6	7.440E5	2.384E6	

SVYNCSGEACR 5,Carbamidomethyl(+57.0215);10,Carbamidomethyl(+57.0215);	Hex(3)HexNAc(2)	P54802@503;
SVYNCSGEACR 5,Carbamidomethyl(+57.0215);10,Carbamidomethyl(+57.0215);	Hex(3)HexNAc(2)	P54802@503;
SVYNCSGEACR 5,Carbamidomethyl(+57.0215);10,Carbamidomethyl(+57.0215);	Hex(3)HexNAc(2)	P54802@503;	+2
Theo	 Int 	94.16	100.00	69.41	35.94	15.25	
Scan	 RT 	1097.92	1098.42	1098.92	1099.43	1099.93	SumIntensity
4112	15.25	3.159E4	0.000E0	2.876E4	0.000E0	0.000E0	6.036E4	
4126	15.28	2.161E5	2.322E5	1.682E5	8.180E4	5.520E4	7.535E5	
4142	15.31	3.154E5	2.746E5	2.188E5	5.885E4	4.890E4	9.166E5	
4162	15.36	3.418E5	4.352E5	2.123E5	1.007E5	4.789E4	1.138E6	
4180	15.40	7.600E5	4.997E5	2.929E5	0.000E0	1.789E5	1.731E6	
4203	15.45	2.529E5	2.839E5	8.369E4	0.000E0	0.000E0	6.205E5	
4211	15.47	0.000E0	2.498E5	0.000E0	0.000E0	0.000E0	2.498E5	
Merge	Area	1.918E6	1.975E6	1.005E6	2.413E5	3.309E5	2.124E5	

VFPQVNVTK	Hex(3)HexNAc(2)Fuc(1)	P54802@261;
VFPQVNVTK	Hex(3)HexNAc(2)Fuc(1)	P54802@261;
VFPQVNVTK	Hex(3)HexNAc(2)Fuc(1)	P54802@261;	+2
Theo	 Int 	93.33	100.00	60.55	26.42	9.23	
Scan	 RT 	1035.49	1035.99	1036.49	1036.99	1037.49	SumIntensity
10831	30.34	1.869E5	1.419E5	1.751E5	0.000E0	1.042E5	6.083E5	
10852	30.39	4.308E5	4.604E5	2.818E5	1.271E5	3.929E4	1.339E6	
10874	30.44	4.768E5	5.864E5	2.462E5	7.964E4	0.000E0	1.389E6	
10897	30.49	2.119E5	2.985E5	2.330E5	7.222E4	0.000E0	8.156E5	
10919	30.54	9.923E4	1.691E5	1.636E5	0.000E0	0.000E0	4.320E5	
10935	30.57	6.202E4	5.068E4	0.000E0	0.000E0	0.000E0	1.127E5	
Merge	Area	1.468E6	1.707E6	1.100E6	2.790E5	1.435E5	2.095E5	

WCSECHSNATCTEDEAVTTCTCQE 2,Carbamidomethyl(+57.0215);5,Carbamidomethyl(+57.0215);11,Carbamidomethyl(+57.0215);20,Carbamidomethyl(+57.0215);22,Carbamidomethyl(+57.0215);	Hex(7)HexNAc(6)NeuAc(4)	P07911@38;
WCSECHSNATCTEDEAVTTCTCQE 2,Carbamidomethyl(+57.0215);5,Carbamidomethyl(+57.0215);11,Carbamidomethyl(+57.0215);20,Carbamidomethyl(+57.0215);22,Carbamidomethyl(+57.0215);	Hex(7)HexNAc(6)NeuAc(4)	P07911@38;
WCSECHSNATCTEDEAVTTCTCQE 2,Carbamidomethyl(+57.0215);5,Carbamidomethyl(+57.0215);11,Carbamidomethyl(+57.0215);20,Carbamidomethyl(+57.0215);22,Carbamidomethyl(+57.0215);	Hex(7)HexNAc(6)NeuAc(4)	P07911@38;	+4
Theo	 Int 	15.80	48.46	82.17	100.00	96.82	78.31	54.84	
Scan	 RT 	1614.08	1614.33	1614.58	1614.83	1615.08	1615.33	1615.58	SumIntensity
11082	30.90	0.000E0	7.585E4	8.177E4	1.346E5	1.039E5	8.832E4	0.000E0	4.845E5	
11099	30.94	0.000E0	1.057E5	1.754E5	2.108E5	2.138E5	1.671E5	1.054E5	9.782E5	
11120	30.99	0.000E0	5.251E4	3.265E5	2.429E5	1.924E5	1.815E5	2.236E5	1.219E6	
11136	31.02	1.184E5	2.145E5	2.870E5	2.823E5	1.799E5	2.977E5	2.769E5	1.657E6	
11159	31.07	5.687E4	1.261E5	2.782E5	5.231E5	3.122E5	2.538E5	1.921E5	1.742E6	
11178	31.11	0.000E0	2.826E5	5.260E5	5.337E5	4.927E5	4.988E5	2.977E5	2.632E6	
11201	31.16	0.000E0	3.052E5	4.678E5	6.609E5	6.523E5	4.493E5	3.604E5	2.896E6	
11220	31.21	1.042E5	4.285E5	5.955E5	7.204E5	5.292E5	6.682E5	2.266E5	3.273E6	
11243	31.26	2.506E5	3.956E5	8.658E5	9.006E5	9.313E5	8.298E5	3.933E5	4.567E6	
11263	31.30	1.830E5	4.276E5	6.457E5	7.601E5	9.735E5	6.730E5	4.269E5	4.090E6	
11286	31.35	1.710E5	6.296E5	8.170E5	9.907E5	8.063E5	5.312E5	3.775E5	4.323E6	
11305	31.39	1.666E5	4.202E5	7.955E5	8.058E5	1.113E6	7.253E5	6.037E5	4.630E6	
11328	31.44	2.328E5	4.541E5	9.026E5	1.249E6	1.118E6	5.021E5	4.626E5	4.921E6	
11348	31.49	0.000E0	1.834E5	5.430E5	7.686E5	4.609E5	3.848E5	3.267E5	2.667E6	
11371	31.54	0.000E0	0.000E0	3.215E5	6.511E5	3.708E5	3.262E5	3.447E5	2.014E6	
11395	31.59	0.000E0	2.043E5	2.952E5	3.575E5	2.935E5	0.000E0	2.701E5	1.421E6	
11415	31.63	0.000E0	0.000E0	3.879E5	4.662E5	4.786E5	2.527E5	1.995E5	1.785E6	
11438	31.68	0.000E0	2.646E5	3.656E5	4.475E5	1.752E5	1.349E5	3.388E5	1.727E6	
11461	31.73	0.000E0	2.170E5	2.178E5	4.153E5	4.503E5	3.593E5	2.154E5	1.875E6	
11484	31.78	0.000E0	0.000E0	1.758E5	2.744E5	2.426E5	2.088E5	0.000E0	9.016E5	
Merge	Area	1.283E6	4.787E6	9.072E6	1.140E7	1.009E7	7.533E6	5.642E6	2.301E6	

WCSECHSNATCTEDEAVTTCTCQE 2,Carbamidomethyl(+57.0215);5,Carbamidomethyl(+57.0215);11,Carbamidomethyl(+57.0215);20,Carbamidomethyl(+57.0215);22,Carbamidomethyl(+57.0215);	Hex(6)HexNAc(5)NeuAc(3)Fuc(1)	P07911@38;
WCSECHSNATCTEDEAVTTCTCQE 2,Carbamidomethyl(+57.0215);5,Carbamidomethyl(+57.0215);11,Carbamidomethyl(+57.0215);20,Carbamidomethyl(+57.0215);22,Carbamidomethyl(+57.0215);	Hex(6)HexNAc(5)NeuAc(3)Fuc(1)	P07911@38;
WCSECHSNATCTEDEAVTTCTCQE 2,Carbamidomethyl(+57.0215);5,Carbamidomethyl(+57.0215);11,Carbamidomethyl(+57.0215);20,Carbamidomethyl(+57.0215);22,Carbamidomethyl(+57.0215);	Hex(6)HexNAc(5)NeuAc(3)Fuc(1)	P07911@38;	+4
Theo	 Int 	19.71	55.63	87.85	100.00	90.86	69.33	45.97	
Scan	 RT 	1486.53	1486.78	1487.03	1487.29	1487.54	1487.79	1488.04	SumIntensity
10129	28.75	0.000E0	6.116E4	1.012E5	9.707E4	0.000E0	1.104E5	1.004E5	4.702E5	
10145	28.79	0.000E0	1.194E5	1.563E5	1.370E5	1.254E5	1.315E5	1.434E5	8.129E5	
10156	28.81	0.000E0	1.453E5	2.410E5	2.033E5	8.343E4	1.243E5	1.238E5	9.213E5	
10173	28.85	0.000E0	1.208E5	3.034E5	1.905E5	2.714E5	1.935E5	1.317E5	1.211E6	
10189	28.89	0.000E0	9.674E4	4.471E5	2.047E5	3.535E5	1.644E5	1.463E5	1.413E6	
10201	28.91	0.000E0	2.492E5	3.073E5	4.560E5	2.083E5	2.446E5	2.919E5	1.757E6	
10216	28.95	0.000E0	3.351E5	3.947E5	4.194E5	3.133E5	2.749E5	2.166E5	1.954E6	
10229	28.98	7.681E4	3.098E5	3.654E5	4.093E5	3.145E5	3.397E5	2.207E5	2.036E6	
10245	29.01	7.854E4	2.925E5	3.842E5	6.370E5	3.416E5	4.382E5	2.634E5	2.435E6	
10257	29.04	1.199E5	4.932E5	5.950E5	5.145E5	7.622E5	5.265E5	2.801E5	3.291E6	
10271	29.07	1.353E5	4.208E5	6.086E5	6.232E5	5.801E5	5.117E5	3.419E5	3.222E6	
10273	29.08	7.709E4	3.991E5	6.934E5	7.548E5	7.079E5	5.892E5	2.866E5	3.508E6	
10281	29.10	2.011E5	4.000E5	5.397E5	7.820E5	6.771E5	5.969E5	3.745E5	3.571E6	
10291	29.12	8.952E4	2.540E5	6.282E5	7.130E5	7.061E5	5.896E5	3.341E5	3.314E6	
10294	29.13	1.187E5	3.467E5	7.290E5	6.048E5	6.253E5	4.159E5	3.205E5	3.161E6	
10306	29.16	1.848E5	3.877E5	6.935E5	9.040E5	7.410E5	5.411E5	4.369E5	3.889E6	
10316	29.18	1.940E5	4.661E5	6.543E5	7.366E5	5.539E5	6.498E5	2.260E5	3.481E6	
10329	29.21	0.000E0	4.891E5	5.829E5	8.041E5	6.634E5	4.549E5	3.711E5	3.366E6	
10337	29.23	1.511E5	4.555E5	6.072E5	6.395E5	6.617E5	4.075E5	3.691E5	3.292E6	
10353	29.26	1.031E5	4.021E5	6.419E5	4.871E5	4.546E5	3.918E5	2.431E5	2.724E6	
10366	29.29	6.031E4	3.397E5	4.307E5	6.755E5	4.473E5	3.107E5	2.844E5	2.549E6	
10376	29.32	9.916E4	2.317E5	3.098E5	4.727E5	4.754E5	4.038E5	3.261E5	2.319E6	
10391	29.35	0.000E0	3.776E5	4.343E5	4.379E5	4.961E5	3.866E5	1.713E5	2.304E6	
10413	29.40	1.163E5	1.559E5	4.002E5	5.524E5	4.129E5	4.219E5	1.691E5	2.229E6	
10433	29.44	0.000E0	2.265E5	1.816E5	3.076E5	3.295E5	2.288E5	1.220E5	1.396E6	
10448	29.47	0.000E0	1.476E5	1.888E5	2.287E5	1.171E5	8.629E4	7.213E4	8.406E5	
10471	29.53	0.000E0	1.813E5	2.842E5	2.884E5	1.871E5	1.753E5	2.314E5	1.348E6	
10489	29.57	0.000E0	1.047E5	1.824E5	2.377E5	1.531E5	1.881E5	1.058E5	9.718E5	
10500	29.59	0.000E0	4.418E4	1.250E5	1.328E5	0.000E0	7.457E4	1.537E5	5.302E5	
Merge	Area	1.806E6	8.054E6	1.221E7	1.365E7	1.176E7	9.973E6	6.858E6	1.760E6	
WCSECHSNATCTEDEAVTTCTCQE 2,Carbamidomethyl(+57.0215);5,Carbamidomethyl(+57.0215);11,Carbamidomethyl(+57.0215);20,Carbamidomethyl(+57.0215);22,Carbamidomethyl(+57.0215);	Hex(6)HexNAc(5)NeuAc(3)Fuc(1)	P07911@38;	+4
Theo	 Int 	19.71	55.63	87.85	100.00	90.86	69.33	45.97	
Scan	 RT 	1486.53	1486.78	1487.03	1487.29	1487.54	1487.79	1488.04	SumIntensity
11067	30.87	0.000E0	0.000E0	9.373E4	7.128E4	0.000E0	3.732E4	0.000E0	2.023E5	
11082	30.90	0.000E0	5.779E4	1.583E5	1.277E5	1.760E5	1.719E5	9.187E4	7.836E5	
11099	30.94	9.268E4	0.000E0	1.419E5	7.725E4	9.791E4	1.607E5	8.438E4	6.548E5	
11120	30.99	0.000E0	1.024E5	1.199E5	3.964E5	1.602E5	2.238E5	1.270E5	1.130E6	
11136	31.02	0.000E0	1.876E5	1.181E5	9.110E4	9.233E4	0.000E0	0.000E0	4.890E5	
11159	31.07	0.000E0	1.212E5	1.762E5	2.821E5	3.563E5	2.581E5	5.879E4	1.253E6	
11178	31.11	4.636E4	1.803E5	3.232E5	2.578E5	2.294E5	2.715E5	1.544E5	1.463E6	
11201	31.16	7.290E4	2.842E5	3.724E5	1.673E5	2.252E5	1.546E5	2.232E5	1.500E6	
11220	31.21	0.000E0	2.389E5	2.502E5	3.013E5	2.679E5	2.297E5	1.013E5	1.389E6	
11243	31.26	1.742E5	2.374E5	3.697E5	2.759E5	2.501E5	3.522E5	1.940E5	1.854E6	
11263	31.30	0.000E0	1.919E5	4.225E5	2.997E5	2.721E5	3.267E5	1.613E5	1.674E6	
11286	31.35	0.000E0	1.481E5	5.945E5	2.563E5	2.638E5	2.730E5	1.657E5	1.701E6	
11305	31.39	6.428E4	7.188E4	2.301E5	4.373E5	5.108E5	3.330E5	1.095E5	1.757E6	
11328	31.44	8.895E4	1.969E5	4.225E5	3.254E5	2.448E5	1.009E5	0.000E0	1.379E6	
11348	31.49	0.000E0	0.000E0	2.105E5	2.936E5	0.000E0	0.000E0	0.000E0	5.041E5	
11371	31.54	0.000E0	0.000E0	0.000E0	0.000E0	2.926E5	0.000E0	0.000E0	2.926E5	
Merge	Area	5.393E5	2.019E6	4.004E6	3.660E6	3.440E6	2.893E6	1.472E6	8.094E5	

WCSECHSNATCTEDEAVTTCTCQE 2,Carbamidomethyl(+57.0215);5,Carbamidomethyl(+57.0215);11,Carbamidomethyl(+57.0215);20,Carbamidomethyl(+57.0215);22,Carbamidomethyl(+57.0215);	Hex(6)HexNAc(5)NeuAc(2)Fuc(3)	P07911@38;
WCSECHSNATCTEDEAVTTCTCQE 2,Carbamidomethyl(+57.0215);5,Carbamidomethyl(+57.0215);11,Carbamidomethyl(+57.0215);20,Carbamidomethyl(+57.0215);22,Carbamidomethyl(+57.0215);	Hex(6)HexNAc(5)NeuAc(2)Fuc(3)	P07911@38;
WCSECHSNATCTEDEAVTTCTCQE 2,Carbamidomethyl(+57.0215);5,Carbamidomethyl(+57.0215);11,Carbamidomethyl(+57.0215);20,Carbamidomethyl(+57.0215);22,Carbamidomethyl(+57.0215);	Hex(6)HexNAc(5)NeuAc(2)Fuc(3)	P07911@38;	+4
Theo	 Int 	19.59	55.44	87.73	100.00	90.96	69.47	46.10	
Scan	 RT 	1486.79	1487.04	1487.29	1487.54	1487.79	1488.04	1488.29	SumIntensity
18718	54.78	0.000E0	0.000E0	1.069E5	0.000E0	0.000E0	0.000E0	0.000E0	1.069E5	
18765	54.89	2.406E5	2.052E5	2.785E5	2.417E5	1.970E5	0.000E0	1.634E5	1.326E6	
18788	54.94	1.853E5	1.318E5	0.000E0	3.219E5	1.066E5	1.400E5	7.883E4	9.645E5	
18811	54.99	1.569E5	4.422E5	5.613E5	3.035E5	2.887E5	1.477E5	0.000E0	1.900E6	
18834	55.04	2.122E5	3.170E5	4.137E5	2.540E5	0.000E0	0.000E0	0.000E0	1.197E6	
18848	55.07	0.000E0	2.621E5	3.106E5	2.972E5	3.207E5	1.557E5	0.000E0	1.346E6	
18871	55.12	1.720E5	2.654E5	1.830E5	1.602E5	2.835E5	0.000E0	9.125E4	1.155E6	
18894	55.17	0.000E0	0.000E0	3.394E5	1.339E5	2.401E5	0.000E0	0.000E0	7.134E5	
18913	55.21	1.804E5	0.000E0	1.138E5	7.978E4	0.000E0	0.000E0	0.000E0	3.739E5	
18935	55.26	1.393E5	1.113E5	0.000E0	0.000E0	9.583E4	0.000E0	0.000E0	3.465E5	
18948	55.29	7.863E4	2.419E5	0.000E0	0.000E0	8.790E4	0.000E0	0.000E0	4.084E5	
18963	55.32	0.000E0	0.000E0	0.000E0	0.000E0	1.382E5	0.000E0	0.000E0	1.382E5	
Merge	Area	1.365E6	1.977E6	2.307E6	1.792E6	1.759E6	4.434E5	3.334E5	4.903E5	

WCSECHSNATCTEDEAVTTCTCQE 2,Carbamidomethyl(+57.0215);5,Carbamidomethyl(+57.0215);11,Carbamidomethyl(+57.0215);20,Carbamidomethyl(+57.0215);22,Carbamidomethyl(+57.0215);	Hex(7)HexNAc(6)NeuAc(4)Fuc(1)	P07911@38;
WCSECHSNATCTEDEAVTTCTCQE 2,Carbamidomethyl(+57.0215);5,Carbamidomethyl(+57.0215);11,Carbamidomethyl(+57.0215);20,Carbamidomethyl(+57.0215);22,Carbamidomethyl(+57.0215);	Hex(7)HexNAc(6)NeuAc(4)Fuc(1)	P07911@38;
WCSECHSNATCTEDEAVTTCTCQE 2,Carbamidomethyl(+57.0215);5,Carbamidomethyl(+57.0215);11,Carbamidomethyl(+57.0215);20,Carbamidomethyl(+57.0215);22,Carbamidomethyl(+57.0215);	Hex(7)HexNAc(6)NeuAc(4)Fuc(1)	P07911@38;	+4
Theo	 Int 	14.88	46.66	80.69	100.00	98.44	80.80	57.36	
Scan	 RT 	1650.59	1650.84	1651.09	1651.34	1651.59	1651.84	1652.09	SumIntensity
11045	30.82	1.581E5	3.760E5	7.600E5	1.030E6	8.088E5	5.643E5	6.490E5	4.346E6	
11060	30.85	1.511E5	6.913E5	8.839E5	1.319E6	1.119E6	1.079E6	9.699E5	6.213E6	
11067	30.87	2.410E5	5.117E5	1.112E6	1.254E6	1.379E6	1.032E6	6.199E5	6.150E6	
11082	30.90	3.642E5	9.434E5	1.312E6	2.038E6	1.932E6	1.416E6	9.609E5	8.966E6	
11099	30.94	3.838E5	1.207E6	2.181E6	2.211E6	2.446E6	1.579E6	1.199E6	1.121E7	
11120	30.99	4.473E5	1.550E6	2.280E6	3.267E6	2.801E6	2.459E6	1.513E6	1.432E7	
11136	31.02	5.204E5	1.785E6	2.943E6	3.295E6	2.884E6	2.947E6	1.936E6	1.631E7	
11159	31.07	8.296E5	2.175E6	3.397E6	4.026E6	3.929E6	3.398E6	2.304E6	2.006E7	
11178	31.11	9.122E5	2.346E6	4.286E6	5.073E6	4.988E6	4.350E6	3.079E6	2.503E7	
11201	31.16	1.038E6	2.361E6	4.660E6	5.697E6	5.066E6	4.778E6	2.900E6	2.650E7	
11220	31.21	9.413E5	2.932E6	4.439E6	6.109E6	6.201E6	5.020E6	3.177E6	2.882E7	
11243	31.26	1.230E6	3.465E6	5.305E6	6.990E6	6.317E6	5.675E6	3.621E6	3.260E7	
11263	31.30	9.569E5	2.674E6	5.018E6	6.143E6	5.852E6	4.938E6	2.676E6	2.826E7	
11286	31.35	9.770E5	3.323E6	5.415E6	6.794E6	6.487E6	4.860E6	3.327E6	3.118E7	
11305	31.39	1.311E6	2.970E6	5.235E6	5.905E6	5.183E6	5.008E6	3.450E6	2.906E7	
11328	31.44	1.020E6	2.757E6	4.447E6	6.264E6	5.775E6	3.934E6	3.002E6	2.720E7	
11348	31.49	4.818E5	1.843E6	2.016E6	2.863E6	3.165E6	3.033E6	1.606E6	1.501E7	
11371	31.54	4.638E5	1.375E6	2.954E6	3.080E6	3.061E6	1.436E6	2.325E6	1.469E7	
11395	31.59	4.632E5	1.131E6	1.508E6	2.454E6	2.368E6	1.541E6	1.300E6	1.077E7	
11415	31.63	8.120E5	6.793E5	1.426E6	2.389E6	1.733E6	1.467E6	1.640E6	1.015E7	
11438	31.68	0.000E0	7.206E5	1.357E6	2.418E6	1.320E6	1.396E6	9.357E5	8.147E6	
11461	31.73	0.000E0	1.047E6	1.477E6	1.586E6	1.844E6	1.591E6	5.917E5	8.137E6	
11484	31.78	2.427E5	8.039E5	1.167E6	1.180E6	1.116E6	1.332E6	7.142E5	6.556E6	
11507	31.83	0.000E0	7.266E5	8.428E5	1.011E6	1.343E6	7.510E5	5.165E5	5.191E6	
Merge	Area	1.395E7	4.039E7	6.642E7	8.439E7	7.912E7	6.559E7	4.501E7	1.780E7	
WCSECHSNATCTEDEAVTTCTCQE 2,Carbamidomethyl(+57.0215);5,Carbamidomethyl(+57.0215);11,Carbamidomethyl(+57.0215);20,Carbamidomethyl(+57.0215);22,Carbamidomethyl(+57.0215);	Hex(7)HexNAc(6)NeuAc(4)Fuc(1)	P07911@38;	+4
Theo	 Int 	14.88	46.66	80.69	100.00	98.44	80.80	57.36	
Scan	 RT 	1650.59	1650.84	1651.09	1651.34	1651.59	1651.84	1652.09	SumIntensity
18788	54.94	0.000E0	0.000E0	2.104E5	1.923E5	2.353E5	1.235E5	0.000E0	7.614E5	
18811	54.99	5.827E5	2.017E6	3.424E6	3.645E6	3.789E6	2.761E6	2.136E6	1.835E7	
18834	55.04	4.121E5	1.575E6	2.303E6	2.574E6	2.708E6	1.991E6	1.718E6	1.328E7	
18848	55.07	2.988E5	1.097E6	2.322E6	2.479E6	1.598E6	1.818E6	1.125E6	1.074E7	
18871	55.12	3.598E5	7.499E5	1.209E6	1.675E6	1.421E6	1.234E6	1.198E6	7.848E6	
18894	55.17	3.122E5	7.697E5	1.427E6	1.649E6	1.644E6	1.618E6	8.657E5	8.285E6	
18913	55.21	2.069E5	5.643E5	1.042E6	1.099E6	1.083E6	1.034E6	7.878E5	5.817E6	
18935	55.26	1.835E5	5.151E5	5.213E5	7.940E5	9.070E5	1.018E6	6.881E5	4.627E6	
18948	55.29	0.000E0	5.035E5	4.767E5	3.551E5	9.342E5	4.248E5	3.701E5	3.064E6	
18963	55.32	1.453E5	4.806E5	5.849E5	5.511E5	5.868E5	2.650E5	4.653E5	3.079E6	
18979	55.36	1.416E5	0.000E0	2.511E5	4.327E5	7.104E5	2.793E5	3.750E5	2.190E6	
Merge	Area	2.643E6	8.273E6	1.377E7	1.545E7	1.562E7	1.257E7	9.729E6	3.387E6	
WCSECHSNATCTEDEAVTTCTCQE 2,Carbamidomethyl(+57.0215);5,Carbamidomethyl(+57.0215);11,Carbamidomethyl(+57.0215);20,Carbamidomethyl(+57.0215);22,Carbamidomethyl(+57.0215);	Hex(7)HexNAc(6)NeuAc(4)Fuc(1)	P07911@38;	+5
Theo	 Int 	14.88	46.66	80.69	100.00	98.44	80.80	57.36	
Scan	 RT 	1320.67	1320.87	1321.07	1321.28	1321.48	1321.68	1321.88	SumIntensity
11060	30.85	9.041E4	1.665E5	3.935E5	2.131E5	4.448E5	3.264E5	2.861E5	1.921E6	
11067	30.87	6.720E4	3.498E5	4.783E5	3.848E5	3.188E5	5.464E5	4.423E5	2.588E6	
11082	30.90	7.414E4	4.662E5	5.644E5	7.724E5	9.499E5	4.574E5	4.491E5	3.733E6	
11099	30.94	1.752E5	5.546E5	6.133E5	7.970E5	9.370E5	8.249E5	5.439E5	4.446E6	
11120	30.99	1.895E5	7.415E5	9.207E5	1.131E6	1.295E6	8.492E5	7.157E5	5.843E6	
11136	31.02	2.329E5	7.961E5	1.005E6	1.186E6	1.218E6	1.012E6	7.674E5	6.218E6	
11159	31.07	2.282E5	1.077E6	1.646E6	1.647E6	1.534E6	1.398E6	6.724E5	8.201E6	
11178	31.11	2.432E5	9.218E5	1.763E6	2.435E6	1.840E6	1.755E6	1.126E6	1.008E7	
11201	31.16	3.473E5	1.113E6	1.615E6	2.206E6	1.609E6	1.875E6	1.284E6	1.005E7	
11220	31.21	3.208E5	1.316E6	1.942E6	2.128E6	1.822E6	2.100E6	1.325E6	1.095E7	
11243	31.26	4.416E5	1.641E6	2.052E6	2.111E6	2.827E6	2.163E6	1.597E6	1.283E7	
11263	31.30	3.861E5	8.827E5	1.347E6	2.334E6	2.199E6	1.731E6	1.213E6	1.009E7	
11286	31.35	3.269E5	1.043E6	1.956E6	2.363E6	2.434E6	2.169E6	1.542E6	1.183E7	
11305	31.39	2.197E5	1.201E6	1.867E6	2.222E6	1.935E6	2.128E6	9.839E5	1.056E7	
11328	31.44	4.486E5	1.187E6	1.798E6	2.489E6	2.326E6	1.855E6	1.238E6	1.134E7	
11348	31.49	0.000E0	0.000E0	1.554E6	7.234E5	1.763E6	1.055E6	7.102E5	5.806E6	
11371	31.54	0.000E0	7.191E5	4.861E5	7.826E5	8.612E5	7.533E5	3.791E5	3.981E6	
11395	31.59	1.522E5	2.637E5	7.422E5	9.939E5	8.469E5	9.349E5	5.217E5	4.456E6	
11415	31.63	1.700E5	5.584E5	5.246E5	8.986E5	7.578E5	3.778E5	6.665E5	3.954E6	
11438	31.68	0.000E0	1.630E5	3.752E5	4.503E5	6.284E5	4.435E5	3.479E5	2.408E6	
Merge	Area	4.114E6	1.516E7	2.364E7	2.826E7	2.855E7	2.475E7	1.681E7	6.321E6	
WCSECHSNATCTEDEAVTTCTCQE 2,Carbamidomethyl(+57.0215);5,Carbamidomethyl(+57.0215);11,Carbamidomethyl(+57.0215);20,Carbamidomethyl(+57.0215);22,Carbamidomethyl(+57.0215);	Hex(7)HexNAc(6)NeuAc(4)Fuc(1)	P07911@38;	+5
Theo	 Int 	14.88	46.66	80.69	100.00	98.44	80.80	57.36	
Scan	 RT 	1320.67	1320.87	1321.07	1321.28	1321.48	1321.68	1321.88	SumIntensity
18788	54.94	0.000E0	0.000E0	0.000E0	1.841E5	1.203E5	9.510E4	1.024E5	5.019E5	
18811	54.99	1.472E5	6.888E5	1.834E6	1.878E6	1.700E6	1.280E6	1.507E6	9.035E6	
18834	55.04	0.000E0	6.137E5	1.261E6	1.453E6	1.556E6	8.046E5	8.510E5	6.540E6	
18848	55.07	2.201E5	6.172E5	8.256E5	1.047E6	1.228E6	9.782E5	8.386E5	5.755E6	
18871	55.12	9.109E4	5.674E5	4.282E5	8.315E5	8.971E5	7.484E5	6.945E5	4.258E6	
18894	55.17	0.000E0	1.976E5	3.782E5	8.184E5	4.613E5	5.519E5	7.119E5	3.119E6	
18913	55.21	0.000E0	0.000E0	4.058E5	5.467E5	1.001E6	5.156E5	3.665E5	2.836E6	
18935	55.26	1.561E5	2.097E5	9.608E4	3.912E5	4.561E5	3.384E5	3.361E5	1.984E6	
18948	55.29	1.073E5	5.099E4	2.933E5	4.760E5	2.841E5	3.910E5	1.816E5	1.784E6	
Merge	Area	7.217E5	2.946E6	5.522E6	7.627E6	7.705E6	5.703E6	5.590E6	1.561E6	

WCSECHSNATCTEDEAVTTCTCQE 2,Carbamidomethyl(+57.0215);5,Carbamidomethyl(+57.0215);11,Carbamidomethyl(+57.0215);20,Carbamidomethyl(+57.0215);22,Carbamidomethyl(+57.0215);	Hex(7)HexNAc(7)NeuAc(4)Fuc(1)	P07911@38;
WCSECHSNATCTEDEAVTTCTCQE 2,Carbamidomethyl(+57.0215);5,Carbamidomethyl(+57.0215);11,Carbamidomethyl(+57.0215);20,Carbamidomethyl(+57.0215);22,Carbamidomethyl(+57.0215);	Hex(7)HexNAc(7)NeuAc(4)Fuc(1)	P07911@38;
WCSECHSNATCTEDEAVTTCTCQE 2,Carbamidomethyl(+57.0215);5,Carbamidomethyl(+57.0215);11,Carbamidomethyl(+57.0215);20,Carbamidomethyl(+57.0215);22,Carbamidomethyl(+57.0215);	Hex(7)HexNAc(7)NeuAc(4)Fuc(1)	P07911@38;	+5
Theo	 Int 	13.58	43.89	77.91	99.01	100.00	84.86	62.62	
Scan	 RT 	1361.29	1361.49	1361.69	1361.89	1362.09	1362.29	1362.49	SumIntensity
11178	31.11	0.000E0	5.873E4	1.670E5	0.000E0	6.324E4	1.487E5	8.668E4	5.243E5	
11201	31.16	0.000E0	7.597E4	2.043E5	6.160E5	4.742E5	1.873E5	1.746E5	1.732E6	
11220	31.21	0.000E0	9.296E4	2.814E5	3.372E5	3.827E5	1.759E5	1.288E5	1.399E6	
11243	31.26	0.000E0	0.000E0	2.309E5	1.898E5	3.019E5	3.790E5	3.190E5	1.421E6	
11263	31.30	0.000E0	1.728E5	3.557E5	3.529E5	2.446E5	2.597E5	1.811E5	1.567E6	
11286	31.35	0.000E0	1.167E5	3.904E5	4.378E5	3.092E5	3.768E5	1.916E5	1.822E6	
11305	31.39	8.756E4	1.443E5	2.896E5	4.027E5	3.536E5	3.245E5	3.308E5	1.933E6	
11328	31.44	1.007E5	2.357E5	3.550E5	7.235E5	7.437E5	5.912E5	4.165E5	3.166E6	
11348	31.49	0.000E0	0.000E0	2.983E5	5.740E5	4.980E5	2.253E5	3.173E5	1.913E6	
11371	31.54	0.000E0	0.000E0	1.522E5	0.000E0	3.079E5	2.778E5	0.000E0	7.378E5	
11395	31.59	0.000E0	0.000E0	1.916E5	4.579E5	3.940E5	2.082E5	2.672E5	1.519E6	
11415	31.63	0.000E0	0.000E0	2.195E5	4.912E5	0.000E0	4.251E5	0.000E0	1.136E6	
11438	31.68	0.000E0	0.000E0	0.000E0	2.220E5	0.000E0	4.043E5	0.000E0	6.263E5	
11461	31.73	0.000E0	0.000E0	0.000E0	0.000E0	2.631E5	3.815E5	2.784E5	9.230E5	
11484	31.78	0.000E0	0.000E0	1.985E5	3.375E5	2.543E5	0.000E0	0.000E0	7.902E5	
11507	31.83	0.000E0	0.000E0	1.480E5	1.146E5	2.534E5	1.115E5	0.000E0	6.274E5	
Merge	Area	1.883E5	8.972E5	3.482E6	5.257E6	4.844E6	4.477E6	2.692E6	1.010E6	

YFYNGTSMACE 10,Carbamidomethyl(+57.0215);	Hex(4)HexNAc(3)NeuAc(1)	P02760@250;
YFYNGTSMACE 10,Carbamidomethyl(+57.0215);	Hex(4)HexNAc(3)NeuAc(1)	P02760@250;
YFYNGTSMACE 10,Carbamidomethyl(+57.0215);	Hex(4)HexNAc(3)NeuAc(1)	P02760@250;	+2
Theo	 Int 	69.89	100.00	86.02	54.69	27.91	4.56	
Scan	 RT 	1446.03	1446.53	1447.03	1447.53	1448.04	1448.54	SumIntensity
13103	35.36	0.000E0	0.000E0	0.000E0	8.580E4	0.000E0	0.000E0	8.580E4	
13126	35.41	8.972E4	0.000E0	1.084E5	1.330E5	0.000E0	0.000E0	3.312E5	
13149	35.46	7.733E4	1.298E5	1.608E5	0.000E0	0.000E0	0.000E0	3.679E5	
13168	35.50	1.396E5	2.092E5	1.086E5	1.229E5	0.000E0	0.000E0	5.804E5	
13191	35.55	9.704E4	2.576E5	1.998E5	1.455E5	0.000E0	0.000E0	6.999E5	
13214	35.60	2.880E5	3.984E5	3.305E5	1.663E5	1.635E5	0.000E0	1.347E6	
13236	35.65	3.959E5	3.233E5	2.954E5	2.705E5	0.000E0	0.000E0	1.285E6	
13259	35.70	3.820E5	5.261E5	4.139E5	2.786E5	2.895E5	0.000E0	1.890E6	
13281	35.75	3.776E5	5.205E5	4.820E5	3.555E5	0.000E0	1.382E5	1.874E6	
13303	35.80	3.404E5	5.940E5	5.021E5	3.863E5	2.396E5	1.725E5	2.235E6	
13324	35.84	3.129E5	4.954E5	2.812E5	3.127E5	0.000E0	0.000E0	1.402E6	
13347	35.89	2.494E5	3.777E5	4.459E5	2.279E5	2.037E5	0.000E0	1.505E6	
13371	35.94	2.740E5	3.268E5	3.684E5	2.343E5	0.000E0	0.000E0	1.203E6	
13394	36.00	1.974E5	4.101E5	2.871E5	1.035E5	1.308E5	9.284E4	1.222E6	
13417	36.05	1.835E5	0.000E0	2.011E5	0.000E0	1.795E5	0.000E0	5.641E5	
13440	36.09	1.019E5	1.989E5	1.013E5	0.000E0	0.000E0	0.000E0	4.021E5	
13463	36.15	0.000E0	2.758E5	1.239E5	1.331E5	0.000E0	0.000E0	5.327E5	
13509	36.25	0.000E0	0.000E0	0.000E0	1.454E5	0.000E0	0.000E0	1.454E5	
Merge	Area	3.506E6	5.044E6	4.410E6	3.101E6	1.207E6	4.035E5	8.766E5	

YFYNGTSMACE 10,Carbamidomethyl(+57.0215);	Hex(5)HexNAc(4)NeuAc(2)	P02760@250;
YFYNGTSMACE 10,Carbamidomethyl(+57.0215);	Hex(5)HexNAc(4)NeuAc(2)	P02760@250;
YFYNGTSMACE 10,Carbamidomethyl(+57.0215);	Hex(5)HexNAc(4)NeuAc(2)	P02760@250;	+2
Theo	 Int 	57.98	100.00	99.59	72.69	42.79	21.36	
Scan	 RT 	1774.14	1774.65	1775.15	1775.65	1776.15	1776.65	SumIntensity
13089	35.33	0.000E0	9.898E4	0.000E0	0.000E0	0.000E0	0.000E0	9.898E4	
13103	35.36	7.802E4	1.275E5	0.000E0	1.313E5	0.000E0	0.000E0	3.368E5	
13126	35.41	0.000E0	1.612E5	1.899E5	1.655E5	0.000E0	0.000E0	5.166E5	
13149	35.46	2.072E5	2.846E5	2.495E5	3.284E5	0.000E0	0.000E0	1.070E6	
13168	35.50	2.817E5	4.398E5	4.567E5	3.183E5	1.530E5	0.000E0	1.650E6	
13191	35.55	4.235E5	5.724E5	6.483E5	3.285E5	2.389E5	1.241E5	2.336E6	
13214	35.60	2.693E5	8.712E5	7.366E5	4.860E5	3.247E5	1.718E5	2.859E6	
13236	35.65	4.771E5	8.814E5	8.970E5	7.055E5	2.861E5	1.948E5	3.442E6	
13259	35.70	7.880E5	1.081E6	1.071E6	6.763E5	4.636E5	1.886E5	4.269E6	
13281	35.75	5.064E5	1.062E6	7.933E5	8.086E5	4.109E5	2.167E5	3.798E6	
13303	35.80	5.208E5	1.287E6	1.154E6	7.974E5	5.806E5	2.882E5	4.628E6	
13324	35.84	8.262E5	1.160E6	1.159E6	6.244E5	6.894E5	1.261E5	4.585E6	
13347	35.89	6.995E5	1.067E6	9.748E5	9.189E5	5.011E5	1.820E5	4.344E6	
13371	35.94	4.216E5	7.138E5	7.094E5	4.947E5	2.707E5	1.407E5	2.751E6	
13394	36.00	2.766E5	6.309E5	6.370E5	6.498E5	2.793E5	3.039E5	2.778E6	
13417	36.05	3.469E5	9.095E5	6.296E5	5.931E5	4.353E5	2.361E5	3.151E6	
13440	36.09	3.159E5	3.594E5	4.621E5	2.849E5	1.799E5	0.000E0	1.602E6	
13463	36.15	1.759E5	1.728E5	3.037E5	1.736E5	0.000E0	1.337E5	9.596E5	
13486	36.19	0.000E0	3.718E5	1.681E5	0.000E0	1.872E5	1.569E5	8.841E5	
Merge	Area	6.615E6	1.225E7	1.124E7	8.485E6	5.001E6	2.464E6	2.229E6	
YFYNGTSMACE 10,Carbamidomethyl(+57.0215);	Hex(5)HexNAc(4)NeuAc(2)	P02760@250;	+3
Theo	 Int 	57.98	100.00	99.59	72.69	42.79	21.36	
Scan	 RT 	1183.10	1183.43	1183.77	1184.10	1184.44	1184.77	SumIntensity
13016	35.17	0.000E0	0.000E0	7.860E4	0.000E0	0.000E0	0.000E0	7.860E4	
13035	35.21	0.000E0	0.000E0	8.818E4	0.000E0	0.000E0	0.000E0	8.818E4	
13050	35.24	0.000E0	1.090E5	9.481E4	1.078E5	0.000E0	0.000E0	3.116E5	
13068	35.28	0.000E0	1.368E5	1.852E5	1.198E5	1.204E5	0.000E0	5.622E5	
13089	35.33	1.279E5	3.373E5	3.986E5	1.832E5	0.000E0	0.000E0	1.047E6	
13103	35.36	2.875E5	5.350E5	5.254E5	3.204E5	1.694E5	0.000E0	1.838E6	
13126	35.41	5.257E5	9.154E5	6.667E5	6.927E5	3.977E5	1.969E5	3.395E6	
13149	35.46	7.669E5	1.378E6	1.521E6	9.893E5	6.405E5	3.371E5	5.632E6	
13168	35.50	1.170E6	1.691E6	1.656E6	1.164E6	7.144E5	4.668E5	6.862E6	
13191	35.55	1.792E6	2.639E6	2.686E6	2.046E6	9.761E5	4.807E5	1.062E7	
13214	35.60	2.167E6	4.410E6	3.879E6	2.758E6	1.501E6	6.870E5	1.540E7	
13236	35.65	2.555E6	3.581E6	4.722E6	2.898E6	2.083E6	1.050E6	1.689E7	
13259	35.70	2.971E6	5.012E6	4.796E6	3.430E6	2.089E6	1.195E6	1.949E7	
13281	35.75	3.442E6	5.911E6	5.539E6	4.350E6	2.750E6	1.144E6	2.314E7	
13303	35.80	3.726E6	5.805E6	6.690E6	4.346E6	2.554E6	1.264E6	2.438E7	
13324	35.84	3.363E6	5.427E6	6.083E6	4.289E6	2.298E6	9.012E5	2.236E7	
13347	35.89	3.194E6	5.325E6	4.929E6	3.888E6	1.711E6	1.037E6	2.009E7	
13371	35.94	2.795E6	4.306E6	4.609E6	3.100E6	1.617E6	7.502E5	1.718E7	
13394	36.00	2.057E6	3.669E6	3.689E6	2.352E6	1.431E6	8.595E5	1.406E7	
13417	36.05	9.749E5	2.364E6	2.103E6	1.880E6	8.618E5	5.744E5	8.758E6	
13440	36.09	1.030E6	2.294E6	1.731E6	1.424E6	7.940E5	5.092E5	7.781E6	
13463	36.15	7.667E5	1.295E6	1.316E6	9.847E5	3.990E5	2.880E5	5.049E6	
13486	36.19	5.204E5	6.649E5	8.954E5	5.643E5	4.834E5	0.000E0	3.128E6	
Merge	Area	3.423E7	5.780E7	5.888E7	4.189E7	2.359E7	1.174E7	1.106E7	

